game_uid,pair,starter,winner,end_reason,plies_total,opening,time_p1,time_p2,moves_p1,moves_p2,branch_sum_p1,branch_sum_p2,forced_p1,forced_p2,missed_win_p1,missed_win_p2,gave_opp_win_p1,gave_opp_win_p2
AlphaBeta++__vs__Génétique (éval AB)__seed1010001__Astart,,A,A,victory,7,"1,1,CIRCLE | 2,2,TRIANGLE | 0,2,SQUARE | 3,1,SQUARE",3.176001,10.630515,4,3,180,121,0,0,0,0,0,1
AlphaBeta++__vs__Génétique (éval AB)__seed1010002__Bstart,,B,A,victory,8,"1,0,TRIANGLE | 2,1,CIRCLE | 2,2,DIAMOND | 3,3,TRIANGLE",2.717703,5.970409,4,4,140,173,0,0,0,0,0,1
AlphaBeta++__vs__Génétique (éval AB)__seed2020001__Astart,,A,A,victory,7,"1,1,CIRCLE | 2,2,TRIANGLE | 0,2,SQUARE | 3,0,SQUARE",3.787800,10.966876,4,3,177,120,0,0,0,0,0,1
AlphaBeta++__vs__Génétique (éval AB)__seed2020002__Bstart,,B,A,victory,12,"0,2,CIRCLE | 1,1,CIRCLE | 1,2,DIAMOND | 2,3,SQUARE",2.759313,7.484089,6,6,161,185,0,0,0,0,0,1
AlphaBeta++__vs__Génétique (éval AB)__seed3030001__Astart,,A,A,victory,9,"1,1,CIRCLE | 2,2,SQUARE | 0,3,SQUARE | 3,0,TRIANGLE",3.897433,12.589369,5,4,192,131,0,0,0,0,0,1
AlphaBeta++__vs__Génétique (éval AB)__seed3030002__Bstart,,B,A,victory,10,"3,1,TRIANGLE | 2,2,CIRCLE | 1,2,SQUARE | 0,3,TRIANGLE",2.766420,5.975462,5,5,150,186,0,0,0,0,0,1
AlphaBeta++__vs__Génétique (éval AB)__seed4040001__Astart,,A,B,no_move,12,"1,1,CIRCLE | 1,2,SQUARE | 3,0,SQUARE | 3,3,CIRCLE",3.963991,11.553713,6,6,193,158,0,0,0,0,0,0
AlphaBeta++__vs__Génétique (éval AB)__seed4040002__Bstart,,B,B,victory,11,"2,2,DIAMOND | 1,1,CIRCLE | 1,3,TRIANGLE | 0,1,SQUARE",2.767304,6.272725,5,6,129,192,1,0,0,0,1,0
AlphaBeta++__vs__Génétique (éval AB)__seed5050001__Astart,,A,A,victory,7,"1,1,CIRCLE | 2,2,TRIANGLE | 0,2,SQUARE | 3,0,SQUARE",3.785558,9.578617,4,3,177,120,0,0,0,0,0,1
AlphaBeta++__vs__Génétique (éval AB)__seed5050002__Bstart,,B,A,victory,8,"2,2,CIRCLE | 1,1,CIRCLE | 0,0,TRIANGLE | 0,2,SQUARE",2.800753,8.064153,4,4,140,174,0,0,0,0,0,1
AlphaBeta++__vs__Génétique (éval AB)__seed6060001__Astart,,A,A,victory,7,"1,1,CIRCLE | 1,2,DIAMOND | 0,3,SQUARE | 1,0,DIAMOND",3.790701,9.366677,4,3,182,113,0,0,0,0,0,1
AlphaBeta++__vs__Génétique (éval AB)__seed6060002__Bstart,,B,B,victory,7,"1,1,DIAMOND | 2,2,CIRCLE | 0,3,TRIANGLE | 3,2,SQUARE",2.537443,6.496554,3,4,122,168,0,0,0,0,1,0
AlphaBeta++__vs__Génétique (éval AB)__seed7070001__Astart,,A,B,victory,12,"1,1,CIRCLE | 2,2,CIRCLE | 0,2,SQUARE | 3,1,SQUARE",3.942277,12.502942,6,6,191,158,0,0,0,0,1,0
AlphaBeta++__vs__Génétique (éval AB)__seed7070002__Bstart,,B,A,victory,10,"0,1,DIAMOND | 1,2,CIRCLE | 1,3,SQUARE | 0,0,TRIANGLE",2.750239,5.850313,5,5,148,186,0,0,0,0,0,1
AlphaBeta++__vs__Génétique (éval AB)__seed8080001__Astart,,A,A,victory,7,"1,1,CIRCLE | 2,1,TRIANGLE | 3,0,SQUARE | 0,3,DIAMOND",3.763946,9.150875,4,3,176,121,0,0,0,0,0,1
AlphaBeta++__vs__Génétique (éval AB)__seed8080002__Bstart,,B,B,victory,11,"1,0,SQUARE | 2,2,TRIANGLE | 0,3,DIAMOND | 3,3,TRIANGLE",2.684960,5.542944,5,6,121,191,0,0,0,0,1,0
AlphaBeta++__vs__Génétique (éval AB)__seed9090001__Astart,,A,A,victory,7,"1,1,CIRCLE | 1,2,TRIANGLE | 0,3,SQUARE | 3,0,DIAMOND",3.786674,9.576355,4,3,176,121,0,0,0,0,0,1
AlphaBeta++__vs__Génétique (éval AB)__seed9090002__Bstart,,B,B,victory,9,"3,3,TRIANGLE | 1,1,CIRCLE | 2,1,DIAMOND | 1,0,SQUARE",2.725186,5.604284,4,5,140,190,0,0,0,0,1,0
AlphaBeta++__vs__Génétique (éval AB)__seed1120001__Astart,,A,A,victory,9,"1,1,CIRCLE | 1,2,TRIANGLE | 0,3,SQUARE | 0,1,DIAMOND",3.684765,9.988928,5,4,194,138,0,0,0,0,0,1
AlphaBeta++__vs__Génétique (éval AB)__seed1120002__Bstart,,B,A,victory,10,"1,2,CIRCLE | 2,1,CIRCLE | 2,3,TRIANGLE | 1,0,TRIANGLE",2.791959,8.276196,5,5,153,185,0,0,0,0,0,1
AlphaBeta++__vs__Génétique (éval AB)__seed2130001__Astart,,A,B,victory,12,"1,1,CIRCLE | 2,2,CIRCLE | 0,2,SQUARE | 3,1,SQUARE",3.938063,12.194553,6,6,191,158,0,0,0,0,1,0
AlphaBeta++__vs__Génétique (éval AB)__seed2130002__Bstart,,B,A,victory,10,"1,2,TRIANGLE | 2,1,CIRCLE | 3,3,CIRCLE | 3,2,DIAMOND",2.752997,6.684489,5,5,140,185,0,0,0,0,0,1
AlphaBeta++__vs__Génétique (éval AB)__seed3140001__Astart,,A,A,victory,7,"1,1,CIRCLE | 2,2,SQUARE | 0,3,SQUARE | 3,0,DIAMOND",3.789159,10.860192,4,3,173,117,0,0,0,0,0,1
AlphaBeta++__vs__Génétique (éval AB)__seed3140002__Bstart,,B,B,victory,9,"2,3,SQUARE | 1,1,CIRCLE | 1,2,DIAMOND | 3,2,TRIANGLE",2.731246,6.466241,4,5,136,187,0,0,0,0,1,0
AlphaBeta++__vs__Génétique (éval AB)__seed4150001__Astart,,A,A,victory,7,"1,1,CIRCLE | 1,2,DIAMOND | 0,3,SQUARE | 2,0,TRIANGLE",3.788737,8.813085,4,3,177,121,0,0,0,0,0,1
AlphaBeta++__vs__Génétique (éval AB)__seed4150002__Bstart,,B,A,victory,8,"2,2,CIRCLE | 1,1,CIRCLE | 0,0,SQUARE | 3,0,DIAMOND",2.713674,8.023447,4,4,138,173,0,0,0,0,0,1
AlphaBeta++__vs__Génétique (éval AB)__seed5160001__Astart,,A,A,victory,7,"1,1,CIRCLE | 2,1,TRIANGLE | 3,0,SQUARE | 0,3,DIAMOND",3.788135,8.759233,4,3,176,121,0,0,0,0,0,1
AlphaBeta++__vs__Génétique (éval AB)__seed5160002__Bstart,,B,B,victory,9,"3,1,DIAMOND | 1,2,CIRCLE | 2,2,TRIANGLE | 1,3,SQUARE",2.714635,5.006292,4,5,134,189,0,0,0,0,1,0
AlphaBeta++__vs__Génétique (éval AB)__seed6170001__Astart,,A,A,victory,7,"1,1,CIRCLE | 2,1,TRIANGLE | 3,0,SQUARE | 0,2,DIAMOND",3.784287,8.987993,4,3,178,121,0,0,0,0,0,1
AlphaBeta++__vs__Génétique (éval AB)__seed6170002__Bstart,,B,A,victory,10,"3,1,CIRCLE | 1,2,CIRCLE | 1,0,DIAMOND | 3,3,DIAMOND",2.918439,7.369601,5,5,148,185,0,0,0,0,0,1
AlphaBeta++__vs__Génétique (éval AB)__seed7180001__Astart,,A,A,victory,7,"1,1,CIRCLE | 1,2,DIAMOND | 0,3,SQUARE | 3,0,TRIANGLE",3.755167,9.055308,4,3,175,121,0,0,0,0,0,1
AlphaBeta++__vs__Génétique (éval AB)__seed7180002__Bstart,,B,B,victory,11,"0,3,CIRCLE | 2,1,SQUARE | 1,1,TRIANGLE | 2,0,DIAMOND",2.762239,6.984284,5,6,151,195,0,0,0,0,1,0
AlphaBeta++__vs__Génétique (éval AB)__seed8190001__Astart,,A,A,victory,7,"1,1,CIRCLE | 1,2,TRIANGLE | 0,3,SQUARE | 3,0,DIAMOND",3.784005,9.598595,4,3,175,121,0,0,0,0,0,1
AlphaBeta++__vs__Génétique (éval AB)__seed8190002__Bstart,,B,A,victory,10,"1,3,SQUARE | 2,2,TRIANGLE | 3,2,DIAMOND | 0,3,CIRCLE",2.737047,5.452183,5,5,149,186,0,0,0,0,0,1
AlphaBeta++__vs__Génétique (éval AB)__seed9200001__Astart,,A,B,victory,12,"1,1,CIRCLE | 2,2,CIRCLE | 0,2,SQUARE | 3,1,SQUARE",3.939378,12.494581,6,6,191,158,0,0,0,0,1,0
AlphaBeta++__vs__Génétique (éval AB)__seed9200002__Bstart,,B,A,victory,10,"3,0,CIRCLE | 1,2,CIRCLE | 1,1,DIAMOND | 3,3,DIAMOND",2.785712,6.996057,5,5,153,185,0,0,0,0,0,1
AlphaBeta++__vs__Génétique (éval AB)__seed1010003__Astart,,A,A,victory,9,"1,1,CIRCLE | 2,1,SQUARE | 0,3,SQUARE | 3,3,CIRCLE",3.889247,10.803028,5,4,199,135,0,0,0,0,0,1
AlphaBeta++__vs__Génétique (éval AB)__seed1010004__Bstart,,B,A,victory,8,"2,2,SQUARE | 1,1,CIRCLE | 0,0,TRIANGLE | 0,2,DIAMOND",2.903616,7.178453,4,4,145,167,0,0,0,0,0,1
AlphaBeta++__vs__Génétique (éval AB)__seed2020003__Astart,,A,A,victory,7,"1,1,CIRCLE | 1,2,TRIANGLE | 0,3,SQUARE | 3,0,DIAMOND",3.785310,9.032072,4,3,175,121,0,0,0,0,0,1
AlphaBeta++__vs__Génétique (éval AB)__seed2020004__Bstart,,B,B,victory,11,"1,2,DIAMOND | 2,1,CIRCLE | 0,0,TRIANGLE | 3,1,SQUARE",2.829365,6.385899,5,6,137,194,0,0,0,0,1,0
AlphaBeta++__vs__Génétique (éval AB)__seed3030003__Astart,,A,A,victory,7,"1,1,CIRCLE | 2,2,DIAMOND | 0,2,SQUARE | 0,3,CIRCLE",3.133179,11.271384,4,3,178,119,0,0,0,0,0,1
AlphaBeta++__vs__Génétique (éval AB)__seed3030004__Bstart,,B,B,victory,9,"3,3,TRIANGLE | 1,1,CIRCLE | 2,1,DIAMOND | 1,0,SQUARE",2.748742,5.304817,4,5,138,190,0,0,0,0,1,0
AlphaBeta++__vs__Génétique (éval AB)__seed4040003__Astart,,A,B,victory,12,"1,1,CIRCLE | 2,2,CIRCLE | 0,2,SQUARE | 3,1,SQUARE",3.943296,12.746385,6,6,191,158,0,0,0,0,1,0
AlphaBeta++__vs__Génétique (éval AB)__seed4040004__Bstart,,B,B,victory,9,"0,0,CIRCLE | 2,2,SQUARE | 2,1,DIAMOND | 3,2,TRIANGLE",2.683809,6.299448,4,5,130,190,0,0,0,0,1,0
AlphaBeta++__vs__Génétique (éval AB)__seed5050003__Astart,,A,A,victory,7,"1,1,CIRCLE | 2,1,TRIANGLE | 3,0,SQUARE | 0,2,DIAMOND",3.781665,9.099746,4,3,177,121,0,0,0,0,0,1
AlphaBeta++__vs__Génétique (éval AB)__seed5050004__Bstart,,B,B,victory,9,"2,3,DIAMOND | 1,1,CIRCLE | 1,2,TRIANGLE | 3,2,SQUARE",2.736915,5.868353,4,5,136,189,0,0,0,0,1,0
AlphaBeta++__vs__Génétique (éval AB)__seed6060003__Astart,,A,A,victory,9,"1,1,CIRCLE | 2,2,DIAMOND | 0,2,SQUARE | 3,0,SQUARE",3.924548,10.583350,5,4,188,131,0,0,0,0,0,1
AlphaBeta++__vs__Génétique (éval AB)__seed6060004__Bstart,,B,A,victory,8,"0,2,TRIANGLE | 1,1,CIRCLE | 2,1,SQUARE | 3,0,TRIANGLE",2.703748,6.241994,4,4,140,173,0,0,0,0,0,1
AlphaBeta++__vs__Génétique (éval AB)__seed7070003__Astart,,A,B,victory,12,"1,1,CIRCLE | 2,2,CIRCLE | 0,2,SQUARE | 3,1,SQUARE",4.027411,12.510240,6,6,191,158,0,0,0,0,1,0
AlphaBeta++__vs__Génétique (éval AB)__seed7070004__Bstart,,B,A,victory,10,"0,1,CIRCLE | 1,2,CIRCLE | 2,2,TRIANGLE | 3,3,DIAMOND",2.855207,8.105392,5,5,143,189,0,0,0,0,0,1
AlphaBeta++__vs__Génétique (éval AB)__seed8080003__Astart,,A,A,victory,7,"1,1,CIRCLE | 2,1,TRIANGLE | 3,0,SQUARE | 0,2,DIAMOND",3.789514,9.868570,4,3,179,121,0,0,0,0,0,1
AlphaBeta++__vs__Génétique (éval AB)__seed8080004__Bstart,,B,B,victory,11,"0,0,TRIANGLE | 2,2,CIRCLE | 2,1,SQUARE | 3,2,DIAMOND",2.791219,5.386833,5,6,130,192,0,0,0,0,1,0
AlphaBeta++__vs__Génétique (éval AB)__seed9090003__Astart,,A,A,victory,7,"1,1,CIRCLE | 1,2,DIAMOND | 0,3,SQUARE | 2,0,TRIANGLE",3.785440,8.708409,4,3,179,121,0,0,0,0,0,1
AlphaBeta++__vs__Génétique (éval AB)__seed9090004__Bstart,,B,B,victory,9,"2,1,TRIANGLE | 1,2,CIRCLE | 3,2,SQUARE | 1,0,TRIANGLE",2.721548,6.509135,4,5,137,190,0,0,0,0,1,0
AlphaBeta++__vs__Génétique (éval AB)__seed1120003__Astart,,A,A,victory,7,"1,1,CIRCLE | 1,2,SQUARE | 3,0,SQUARE | 2,3,DIAMOND",3.527542,10.384138,4,3,176,119,0,0,0,0,0,1
AlphaBeta++__vs__Génétique (éval AB)__seed1120004__Bstart,,B,B,victory,7,"2,1,SQUARE | 1,2,CIRCLE | 0,0,DIAMOND | 1,3,TRIANGLE",2.537624,6.697526,3,4,122,168,0,0,0,0,1,0
AlphaBeta++__vs__Génétique (éval AB)__seed2130003__Astart,,A,A,victory,9,"1,1,CIRCLE | 2,2,TRIANGLE | 0,2,SQUARE | 0,3,CIRCLE",3.134497,10.976277,5,4,188,137,0,0,0,0,0,1
AlphaBeta++__vs__Génétique (éval AB)__seed2130004__Bstart,,B,B,victory,9,"3,2,TRIANGLE | 1,1,CIRCLE | 2,1,SQUARE | 0,0,TRIANGLE",2.710439,6.190551,4,5,137,195,0,0,0,0,1,0
AlphaBeta++__vs__Génétique (éval AB)__seed3140003__Astart,,A,A,victory,7,"1,1,CIRCLE | 1,2,TRIANGLE | 0,3,SQUARE | 2,0,DIAMOND",3.791419,9.635328,4,3,177,121,0,0,0,0,0,1
AlphaBeta++__vs__Génétique (éval AB)__seed3140004__Bstart,,B,A,victory,10,"0,2,TRIANGLE | 1,1,CIRCLE | 2,1,DIAMOND | 3,0,TRIANGLE",2.770235,6.400750,5,5,149,186,0,0,0,0,0,1
AlphaBeta++__vs__Génétique (éval AB)__seed4150003__Astart,,A,A,victory,9,"1,1,CIRCLE | 2,1,TRIANGLE | 3,0,SQUARE | 1,0,DIAMOND",3.886806,9.857558,5,4,197,138,0,0,0,0,0,1
AlphaBeta++__vs__Génétique (éval AB)__seed4150004__Bstart,,B,A,victory,10,"3,0,CIRCLE | 1,2,CIRCLE | 1,1,TRIANGLE | 3,3,TRIANGLE",2.802772,6.946370,5,5,153,185,0,0,0,0,0,1
AlphaBeta++__vs__Génétique (éval AB)__seed5160003__Astart,,A,A,victory,7,"1,1,CIRCLE | 2,2,DIAMOND | 0,2,SQUARE | 3,0,TRIANGLE",3.243467,10.861990,4,3,174,118,0,0,0,0,0,1
AlphaBeta++__vs__Génétique (éval AB)__seed5160004__Bstart,,B,A,victory,8,"2,1,SQUARE | 1,2,CIRCLE | 0,2,DIAMOND | 3,3,TRIANGLE",2.727474,6.861884,4,4,140,174,0,0,0,0,0,1
AlphaBeta++__vs__Génétique (éval AB)__seed6170003__Astart,,A,A,victory,7,"1,1,CIRCLE | 2,1,DIAMOND | 3,0,SQUARE | 0,2,TRIANGLE",3.786931,8.696446,4,3,179,121,0,0,0,0,0,1
AlphaBeta++__vs__Génétique (éval AB)__seed6170004__Bstart,,B,A,victory,10,"3,2,CIRCLE | 1,1,CIRCLE | 2,1,TRIANGLE | 0,2,TRIANGLE",2.868838,7.114763,5,5,153,186,0,0,0,0,0,1
AlphaBeta++__vs__Génétique (éval AB)__seed7180003__Astart,,A,A,victory,7,"1,1,CIRCLE | 1,2,DIAMOND | 0,3,SQUARE | 3,0,TRIANGLE",3.750359,8.323141,4,3,176,121,0,0,0,0,0,1
AlphaBeta++__vs__Génétique (éval AB)__seed7180004__Bstart,,B,A,victory,10,"1,1,CIRCLE | 2,2,CIRCLE | 2,3,TRIANGLE | 3,0,SQUARE",2.776187,8.099095,5,5,149,186,0,0,0,0,0,1
AlphaBeta++__vs__Génétique (éval AB)__seed8190003__Astart,,A,B,victory,14,"1,1,CIRCLE | 2,1,SQUARE | 0,3,SQUARE | 3,3,CIRCLE",3.948738,11.853718,7,7,193,160,1,1,0,0,1,0
AlphaBeta++__vs__Génétique (éval AB)__seed8190004__Bstart,,B,A,victory,10,"2,0,CIRCLE | 1,1,CIRCLE | 1,2,DIAMOND | 0,3,TRIANGLE",2.852957,7.021423,5,5,144,189,0,0,0,0,0,1
AlphaBeta++__vs__Génétique (éval AB)__seed9200003__Astart,,A,A,victory,7,"1,1,CIRCLE | 2,2,SQUARE | 0,3,SQUARE | 3,0,TRIANGLE",3.788544,11.382144,4,3,172,117,0,0,0,0,0,1
AlphaBeta++__vs__Génétique (éval AB)__seed9200004__Bstart,,B,B,victory,11,"1,1,SQUARE | 2,2,CIRCLE | 0,2,DIAMOND | 2,3,TRIANGLE",2.749180,7.093376,5,6,151,185,0,0,0,0,1,0
AlphaBeta++__vs__Génétique (éval AB)__seed1010005__Astart,,A,A,victory,7,"1,1,CIRCLE | 2,2,DIAMOND | 0,2,SQUARE | 0,3,CIRCLE",3.119332,10.003127,4,3,178,119,0,0,0,0,0,1
AlphaBeta++__vs__Génétique (éval AB)__seed1010006__Bstart,,B,B,victory,9,"1,2,DIAMOND | 2,1,CIRCLE | 0,1,TRIANGLE | 2,0,SQUARE",2.736967,6.333830,4,5,138,191,0,0,0,0,1,0
AlphaBeta++__vs__Génétique (éval AB)__seed2020005__Astart,,A,A,victory,7,"1,1,CIRCLE | 2,1,TRIANGLE | 3,0,SQUARE | 0,3,DIAMOND",3.788326,9.744525,4,3,175,121,0,0,0,0,0,1
AlphaBeta++__vs__Génétique (éval AB)__seed2020006__Bstart,,B,A,victory,8,"0,1,CIRCLE | 1,2,CIRCLE | 1,1,TRIANGLE | 2,0,SQUARE",3.109314,7.158991,4,4,149,169,0,0,0,0,0,1
AlphaBeta++__vs__Génétique (éval AB)__seed3030005__Astart,,A,A,victory,9,"1,1,CIRCLE | 2,2,CIRCLE | 0,2,SQUARE | 1,0,SQUARE",3.418261,11.624089,5,4,190,139,0,0,0,0,0,1
AlphaBeta++__vs__Génétique (éval AB)__seed3030006__Bstart,,B,B,victory,9,"1,3,DIAMOND | 2,1,CIRCLE | 2,2,SQUARE | 3,1,TRIANGLE",2.751760,5.687739,4,5,130,195,0,0,0,0,1,0
AlphaBeta++__vs__Génétique (éval AB)__seed4040005__Astart,,A,A,victory,9,"1,1,CIRCLE | 2,2,SQUARE | 0,3,SQUARE | 3,0,CIRCLE",3.787316,11.300458,5,4,188,136,0,0,0,0,0,1
AlphaBeta++__vs__Génétique (éval AB)__seed4040006__Bstart,,B,A,victory,8,"1,0,DIAMOND | 2,1,CIRCLE | 2,2,SQUARE | 3,3,DIAMOND",2.696568,5.819018,4,4,140,173,0,0,0,0,0,1
AlphaBeta++__vs__Génétique (éval AB)__seed5050005__Astart,,A,A,victory,7,"1,1,CIRCLE | 1,2,TRIANGLE | 0,3,SQUARE | 2,1,SQUARE",3.782354,8.861640,4,3,181,122,0,0,0,0,0,1
AlphaBeta++__vs__Génétique (éval AB)__seed5050006__Bstart,,B,A,victory,10,"1,0,DIAMOND | 2,1,CIRCLE | 2,2,TRIANGLE | 3,3,DIAMOND",2.776102,5.864391,5,5,149,186,0,0,0,0,0,1
AlphaBeta++__vs__Génétique (éval AB)__seed6060005__Astart,,A,A,victory,7,"1,1,CIRCLE | 1,2,DIAMOND | 0,3,SQUARE | 2,0,TRIANGLE",3.783227,8.985892,4,3,177,121,0,0,0,0,0,1
AlphaBeta++__vs__Génétique (éval AB)__seed6060006__Bstart,,B,B,victory,11,"0,3,TRIANGLE | 2,1,CIRCLE | 2,2,DIAMOND | 1,2,SQUARE",2.835292,5.764780,5,6,147,201,0,0,0,0,1,0
AlphaBeta++__vs__Génétique (éval AB)__seed7070005__Astart,,A,A,victory,7,"1,1,CIRCLE | 2,1,SQUARE | 0,3,SQUARE | 3,2,DIAMOND",3.573940,10.180933,4,3,176,119,0,0,0,0,0,1
AlphaBeta++__vs__Génétique (éval AB)__seed7070006__Bstart,,B,A,victory,10,"3,1,TRIANGLE | 2,2,CIRCLE | 1,2,SQUARE | 0,3,TRIANGLE",2.761607,6.246683,5,5,150,186,0,0,0,0,0,1
AlphaBeta++__vs__Génétique (éval AB)__seed8080005__Astart,,A,A,victory,9,"1,1,CIRCLE | 2,2,DIAMOND | 0,2,SQUARE | 3,0,TRIANGLE",3.350332,10.591465,5,4,189,131,0,0,0,0,0,1
AlphaBeta++__vs__Génétique (éval AB)__seed8080006__Bstart,,B,A,victory,10,"1,2,TRIANGLE | 2,1,CIRCLE | 2,0,DIAMOND | 3,3,SQUARE",2.718860,6.065842,5,5,149,189,0,0,0,0,0,1
AlphaBeta++__vs__Génétique (éval AB)__seed9090005__Astart,,A,A,victory,7,"1,1,CIRCLE | 2,1,DIAMOND | 3,0,SQUARE | 0,3,TRIANGLE",3.726071,9.266434,4,3,177,121,0,0,0,0,0,1
AlphaBeta++__vs__Génétique (éval AB)__seed9090006__Bstart,,B,B,victory,9,"2,1,DIAMOND | 1,2,CIRCLE | 3,3,TRIANGLE | 1,1,TRIANGLE",2.706699,5.454853,4,5,131,187,0,0,0,0,1,0
AlphaBeta++__vs__Génétique (éval AB)__seed1120005__Astart,,A,B,victory,14,"1,1,CIRCLE | 2,1,SQUARE | 0,3,SQUARE | 3,3,CIRCLE",3.948674,11.175428,7,7,193,160,1,1,0,0,1,0
AlphaBeta++__vs__Génétique (éval AB)__seed1120006__Bstart,,B,A,victory,10,"3,1,CIRCLE | 1,2,CIRCLE | 2,2,SQUARE | 0,1,SQUARE",2.837330,6.986656,5,5,153,186,0,0,0,0,0,1
AlphaBeta++__vs__Génétique (éval AB)__seed2130005__Astart,,A,B,victory,10,"1,1,CIRCLE | 1,2,DIAMOND | 0,3,SQUARE | 0,0,TRIANGLE",3.823009,9.460831,5,5,175,139,0,0,0,0,1,0
AlphaBeta++__vs__Génétique (éval AB)__seed2130006__Bstart,,B,B,victory,9,"3,3,TRIANGLE | 1,1,CIRCLE | 2,0,CIRCLE | 3,1,SQUARE",2.637699,5.637942,4,5,136,202,0,0,0,0,1,0
AlphaBeta++__vs__Génétique (éval AB)__seed3140005__Astart,,A,A,victory,7,"1,1,CIRCLE | 1,2,TRIANGLE | 0,3,SQUARE | 3,0,DIAMOND",3.787022,9.930277,4,3,177,121,0,0,0,0,0,1
AlphaBeta++__vs__Génétique (éval AB)__seed3140006__Bstart,,B,B,victory,11,"1,1,TRIANGLE | 2,2,CIRCLE | 2,0,SQUARE | 3,2,DIAMOND",2.740339,6.666556,5,6,151,185,0,0,0,0,1,0
AlphaBeta++__vs__Génétique (éval AB)__seed4150005__Astart,,A,B,no_move,12,"1,1,CIRCLE | 1,2,SQUARE | 3,0,SQUARE | 3,3,CIRCLE",3.954597,11.372543,6,6,193,158,0,0,0,0,0,0
AlphaBeta++__vs__Génétique (éval AB)__seed4150006__Bstart,,B,B,no_move,11,"0,3,TRIANGLE | 2,1,CIRCLE | 2,2,SQUARE | 3,1,DIAMOND",2.734897,5.096483,5,6,128,189,1,0,0,0,0,0
AlphaBeta++__vs__Génétique (éval AB)__seed5160005__Astart,,A,A,victory,7,"1,1,CIRCLE | 2,1,TRIANGLE | 3,0,SQUARE | 0,3,DIAMOND",3.784270,9.234379,4,3,175,121,0,0,0,0,0,1
AlphaBeta++__vs__Génétique (éval AB)__seed5160006__Bstart,,B,B,victory,13,"2,3,SQUARE | 1,1,CIRCLE | 1,2,DIAMOND | 3,2,TRIANGLE",2.867585,7.762298,6,7,146,198,0,0,0,0,1,0
AlphaBeta++__vs__Génétique (éval AB)__seed6170005__Astart,,A,A,victory,7,"1,1,CIRCLE | 2,1,DIAMOND | 3,0,SQUARE | 0,3,TRIANGLE",3.713313,8.466754,4,3,176,121,0,0,0,0,0,1
AlphaBeta++__vs__Génétique (éval AB)__seed6170006__Bstart,,B,A,victory,10,"2,3,CIRCLE | 1,1,CIRCLE | 1,2,SQUARE | 2,0,SQUARE",2.841870,7.595227,5,5,148,185,0,0,0,0,0,1
AlphaBeta++__vs__Génétique (éval AB)__seed7180005__Astart,,A,B,victory,14,"1,1,CIRCLE | 2,1,SQUARE | 0,3,SQUARE | 3,3,CIRCLE",3.946764,11.424909,7,7,193,160,1,1,0,0,1,0
AlphaBeta++__vs__Génétique (éval AB)__seed7180006__Bstart,,B,B,victory,11,"3,3,TRIANGLE | 1,1,CIRCLE | 1,2,DIAMOND | 0,1,TRIANGLE",2.801238,5.630257,5,6,142,213,0,0,0,0,1,0
AlphaBeta++__vs__Génétique (éval AB)__seed8190005__Astart,,A,A,victory,7,"1,1,CIRCLE | 2,1,TRIANGLE | 3,0,SQUARE | 0,3,DIAMOND",3.788871,9.252181,4,3,175,121,0,0,0,0,0,1
AlphaBeta++__vs__Génétique (éval AB)__seed8190006__Bstart,,B,B,victory,9,"1,2,TRIANGLE | 2,1,CIRCLE | 0,0,DIAMOND | 2,2,DIAMOND",2.802283,6.547038,4,5,132,195,0,0,0,0,1,0
AlphaBeta++__vs__Génétique (éval AB)__seed9200005__Astart,,A,A,victory,13,"1,1,CIRCLE | 2,2,CIRCLE | 0,2,SQUARE | 2,1,SQUARE",3.938777,11.323729,7,6,199,154,0,0,0,0,0,1
AlphaBeta++__vs__Génétique (éval AB)__seed9200006__Bstart,,B,B,victory,9,"3,0,SQUARE | 1,2,CIRCLE | 2,2,DIAMOND | 2,1,TRIANGLE",2.820752,6.887960,4,5,140,190,0,0,0,0,1,0
AlphaBeta++__vs__Génétique (éval AB)__seed1010007__Astart,,A,A,victory,7,"1,1,CIRCLE | 1,2,SQUARE | 3,0,SQUARE | 3,3,DIAMOND",3.101932,9.404446,4,3,175,121,0,0,0,0,0,1
AlphaBeta++__vs__Génétique (éval AB)__seed1010008__Bstart,,B,B,victory,9,"2,2,SQUARE | 1,1,CIRCLE | 0,3,TRIANGLE | 3,0,TRIANGLE",2.728731,7.658936,4,5,137,178,0,0,0,0,1,0
AlphaBeta++__vs__Génétique (éval AB)__seed2020007__Astart,,A,A,victory,7,"1,1,CIRCLE | 2,1,TRIANGLE | 3,0,SQUARE | 0,3,DIAMOND",3.785477,8.978933,4,3,175,121,0,0,0,0,0,1
AlphaBeta++__vs__Génétique (éval AB)__seed2020008__Bstart,,B,A,victory,10,"1,2,CIRCLE | 2,1,CIRCLE | 0,1,TRIANGLE | 3,2,TRIANGLE",2.814583,8.393411,5,5,149,185,0,0,0,0,0,1
AlphaBeta++__vs__Génétique (éval AB)__seed3030007__Astart,,A,A,victory,7,"1,1,CIRCLE | 2,1,DIAMOND | 3,0,SQUARE | 0,3,TRIANGLE",3.719799,8.537590,4,3,175,121,0,0,0,0,0,1
AlphaBeta++__vs__Génétique (éval AB)__seed3030008__Bstart,,B,A,victory,10,"2,0,SQUARE | 1,1,CIRCLE | 0,3,CIRCLE | 2,3,TRIANGLE",2.813159,6.729950,5,5,147,188,0,0,0,0,0,1
AlphaBeta++__vs__Génétique (éval AB)__seed4040007__Astart,,A,A,victory,7,"1,1,CIRCLE | 1,2,SQUARE | 3,0,SQUARE | 3,3,TRIANGLE",3.209579,9.936759,4,3,178,121,0,0,0,0,0,1
AlphaBeta++__vs__Génétique (éval AB)__seed4040008__Bstart,,B,A,victory,8,"1,1,TRIANGLE | 2,2,CIRCLE | 2,3,DIAMOND | 3,0,SQUARE",2.685832,6.546410,4,4,140,174,0,0,0,0,0,1
AlphaBeta++__vs__Génétique (éval AB)__seed5050007__Astart,,A,A,victory,7,"1,1,CIRCLE | 2,1,TRIANGLE | 3,0,SQUARE | 0,2,DIAMOND",3.785229,9.332775,4,3,178,121,0,0,0,0,0,1
AlphaBeta++__vs__Génétique (éval AB)__seed5050008__Bstart,,B,B,victory,11,"1,1,TRIANGLE | 2,2,CIRCLE | 2,0,SQUARE | 3,2,DIAMOND",2.710959,6.700635,5,6,141,191,0,0,0,0,1,0
AlphaBeta++__vs__Génétique (éval AB)__seed6060007__Astart,,A,A,victory,7,"1,1,CIRCLE | 2,1,DIAMOND | 3,0,SQUARE | 0,3,TRIANGLE",3.724106,8.625021,4,3,176,121,0,0,0,0,0,1
AlphaBeta++__vs__Génétique (éval AB)__seed6060008__Bstart,,B,B,victory,9,"0,3,CIRCLE | 2,1,SQUARE | 3,2,SQUARE | 2,0,CIRCLE",2.807115,6.695831,4,5,140,187,0,0,0,0,1,0
AlphaBeta++__vs__Génétique (éval AB)__seed7070007__Astart,,A,A,victory,7,"1,1,CIRCLE | 2,2,SQUARE | 0,3,SQUARE | 2,0,CIRCLE",3.673255,11.508140,4,3,176,117,0,0,0,0,0,1
AlphaBeta++__vs__Génétique (éval AB)__seed7070008__Bstart,,B,B,victory,13,"1,3,TRIANGLE | 2,1,CIRCLE | 2,2,SQUARE | 3,1,DIAMOND",2.735825,6.059353,6,7,150,185,0,1,0,0,1,0
AlphaBeta++__vs__Génétique (éval AB)__seed8080007__Astart,,A,B,victory,12,"1,1,CIRCLE | 2,2,CIRCLE | 0,2,SQUARE | 3,1,SQUARE",3.935291,12.008243,6,6,191,158,0,0,0,0,1,0
AlphaBeta++__vs__Génétique (éval AB)__seed8080008__Bstart,,B,A,victory,10,"2,2,TRIANGLE | 1,1,CIRCLE | 1,0,DIAMOND | 0,3,SQUARE",2.745252,6.224559,5,5,149,189,0,0,0,0,0,1
AlphaBeta++__vs__Génétique (éval AB)__seed9090007__Astart,,A,B,victory,12,"1,1,CIRCLE | 2,2,CIRCLE | 0,2,SQUARE | 3,1,SQUARE",3.938096,12.021598,6,6,191,158,0,0,0,0,1,0
AlphaBeta++__vs__Génétique (éval AB)__seed9090008__Bstart,,B,A,victory,10,"0,1,CIRCLE | 1,2,CIRCLE | 2,2,SQUARE | 3,3,DIAMOND",2.832755,7.339569,5,5,143,189,0,0,0,0,0,1
AlphaBeta++__vs__Génétique (éval AB)__seed1120007__Astart,,A,A,victory,7,"1,1,CIRCLE | 2,2,SQUARE | 0,3,SQUARE | 2,0,CIRCLE",3.647541,11.567507,4,3,176,117,0,0,0,0,0,1
AlphaBeta++__vs__Génétique (éval AB)__seed1120008__Bstart,,B,A,victory,10,"3,2,CIRCLE | 1,1,CIRCLE | 2,1,SQUARE | 0,2,SQUARE",2.823972,8.767579,5,5,148,185,0,0,0,0,0,1
AlphaBeta++__vs__Génétique (éval AB)__seed2130007__Astart,,A,A,victory,13,"1,1,CIRCLE | 2,2,CIRCLE | 0,2,SQUARE | 2,1,SQUARE",3.938902,12.112878,7,6,199,154,0,0,0,0,0,1
AlphaBeta++__vs__Génétique (éval AB)__seed2130008__Bstart,,B,A,victory,10,"2,2,CIRCLE | 1,1,CIRCLE | 1,0,DIAMOND | 0,3,SQUARE",2.845645,7.456656,5,5,149,186,0,0,0,0,0,1
AlphaBeta++__vs__Génétique (éval AB)__seed3140007__Astart,,A,A,victory,7,"1,1,CIRCLE | 2,2,DIAMOND | 0,2,SQUARE | 3,0,SQUARE",3.798971,10.079840,4,3,175,120,0,0,0,0,0,1
AlphaBeta++__vs__Génétique (éval AB)__seed3140008__Bstart,,B,B,victory,11,"3,0,DIAMOND | 1,2,CIRCLE | 1,1,TRIANGLE | 0,2,DIAMOND",2.761707,5.492887,5,6,137,206,0,0,0,0,1,0
AlphaBeta++__vs__Génétique (éval AB)__seed4150007__Astart,,A,A,victory,7,"1,1,CIRCLE | 1,2,TRIANGLE | 0,3,SQUARE | 3,0,DIAMOND",3.789919,9.286499,4,3,175,121,0,0,0,0,0,1
AlphaBeta++__vs__Génétique (éval AB)__seed4150008__Bstart,,B,A,victory,10,"3,0,CIRCLE | 1,2,CIRCLE | 2,2,TRIANGLE | 0,0,TRIANGLE",2.800768,7.224746,5,5,153,185,0,0,0,0,0,1
AlphaBeta++__vs__Génétique (éval AB)__seed5160007__Astart,,A,B,victory,14,"1,1,CIRCLE | 2,1,SQUARE | 0,3,SQUARE | 3,3,CIRCLE",3.948465,11.784969,7,7,193,160,1,1,0,0,1,0
AlphaBeta++__vs__Génétique (éval AB)__seed5160008__Bstart,,B,B,victory,11,"0,0,SQUARE | 2,2,CIRCLE | 2,1,TRIANGLE | 3,2,DIAMOND",2.755106,5.646534,5,6,130,192,0,0,0,0,1,0
AlphaBeta++__vs__Génétique (éval AB)__seed6170007__Astart,,A,A,victory,7,"1,1,CIRCLE | 1,2,DIAMOND | 0,3,SQUARE | 3,0,TRIANGLE",3.739375,8.725412,4,3,176,121,0,0,0,0,0,1
AlphaBeta++__vs__Génétique (éval AB)__seed6170008__Bstart,,B,A,victory,8,"2,1,TRIANGLE | 1,2,CIRCLE | 1,3,SQUARE | 0,0,DIAMOND",2.709059,6.240514,4,4,139,174,0,0,0,0,0,1
AlphaBeta++__vs__Génétique (éval AB)__seed7180007__Astart,,A,B,victory,12,"1,1,CIRCLE | 2,2,CIRCLE | 0,2,SQUARE | 3,1,SQUARE",3.939051,12.108353,6,6,191,158,0,0,0,0,1,0
AlphaBeta++__vs__Génétique (éval AB)__seed7180008__Bstart,,B,A,victory,12,"2,3,CIRCLE | 1,1,CIRCLE | 1,2,SQUARE | 2,0,SQUARE",2.834681,7.503240,6,6,156,192,0,0,0,0,0,1
AlphaBeta++__vs__Génétique (éval AB)__seed8190007__Astart,,A,B,victory,14,"1,1,CIRCLE | 2,1,SQUARE | 0,3,SQUARE | 3,3,CIRCLE",3.950786,11.153042,7,7,193,160,1,1,0,0,1,0
AlphaBeta++__vs__Génétique (éval AB)__seed8190008__Bstart,,B,B,victory,9,"0,3,TRIANGLE | 2,1,CIRCLE | 1,1,DIAMOND | 2,0,SQUARE",2.758145,5.569742,4,5,130,195,0,0,0,0,1,0
AlphaBeta++__vs__Génétique (éval AB)__seed9200007__Astart,,A,A,victory,7,"1,1,CIRCLE | 2,1,TRIANGLE | 3,0,SQUARE | 0,3,DIAMOND",3.785660,9.642181,4,3,175,121,0,0,0,0,0,1
AlphaBeta++__vs__Génétique (éval AB)__seed9200008__Bstart,,B,B,victory,9,"3,1,TRIANGLE | 2,2,CIRCLE | 1,0,SQUARE | 0,3,TRIANGLE",2.728305,5.901869,4,5,135,188,0,0,0,0,1,0
AlphaBeta++__vs__Génétique (éval AB)__seed1010009__Astart,,A,A,victory,7,"1,1,CIRCLE | 2,1,DIAMOND | 3,0,SQUARE | 0,3,TRIANGLE",3.721429,8.986518,4,3,177,121,0,0,0,0,0,1
AlphaBeta++__vs__Génétique (éval AB)__seed1010010__Bstart,,B,A,victory,8,"2,2,TRIANGLE | 1,1,CIRCLE | 1,0,SQUARE | 0,3,DIAMOND",2.784604,6.376665,4,4,140,174,0,0,0,0,0,1
AlphaBeta++__vs__Génétique (éval AB)__seed2020009__Astart,,A,A,victory,7,"1,1,CIRCLE | 1,2,SQUARE | 3,0,SQUARE | 3,3,DIAMOND",3.110412,10.818586,4,3,178,121,0,0,0,0,0,1
AlphaBeta++__vs__Génétique (éval AB)__seed2020010__Bstart,,B,A,victory,10,"3,0,CIRCLE | 1,2,CIRCLE | 1,1,TRIANGLE | 3,3,TRIANGLE",2.781199,7.194687,5,5,153,185,0,0,0,0,0,1
AlphaBeta++__vs__Génétique (éval AB)__seed3030009__Astart,,A,A,victory,7,"1,1,CIRCLE | 2,2,TRIANGLE | 0,2,SQUARE | 3,0,SQUARE",3.788182,11.553237,4,3,175,120,0,0,0,0,0,1
AlphaBeta++__vs__Génétique (éval AB)__seed3030010__Bstart,,B,A,victory,8,"0,2,CIRCLE | 1,1,CIRCLE | 1,2,TRIANGLE | 2,3,SQUARE",2.856385,7.241722,4,4,142,168,0,0,0,0,0,1
AlphaBeta++__vs__Génétique (éval AB)__seed4040009__Astart,,A,B,victory,12,"1,1,CIRCLE | 2,2,CIRCLE | 0,2,SQUARE | 3,1,SQUARE",3.942812,12.122251,6,6,191,158,0,0,0,0,1,0
AlphaBeta++__vs__Génétique (éval AB)__seed4040010__Bstart,,B,B,victory,9,"0,2,TRIANGLE | 1,1,CIRCLE | 2,3,DIAMOND | 3,3,TRIANGLE",2.758864,6.220145,4,5,130,184,0,0,0,0,1,0
AlphaBeta++__vs__Génétique (éval AB)__seed5050009__Astart,,A,A,victory,7,"1,1,CIRCLE | 1,2,TRIANGLE | 0,3,SQUARE | 3,0,DIAMOND",3.803544,9.223262,4,3,177,121,0,0,0,0,0,1
AlphaBeta++__vs__Génétique (éval AB)__seed5050010__Bstart,,B,A,victory,10,"3,3,CIRCLE | 1,1,CIRCLE | 1,2,SQUARE | 3,0,SQUARE",2.781611,7.416503,5,5,153,185,0,0,0,0,0,1
AlphaBeta++__vs__Génétique (éval AB)__seed6060009__Astart,,A,B,victory,14,"1,1,CIRCLE | 2,1,SQUARE | 0,3,SQUARE | 3,3,CIRCLE",3.953629,11.091770,7,7,193,160,1,1,0,0,1,0
AlphaBeta++__vs__Génétique (éval AB)__seed6060010__Bstart,,B,B,victory,9,"0,1,TRIANGLE | 2,2,CIRCLE | 1,3,SQUARE | 0,0,SQUARE",2.767660,5.963130,4,5,132,184,0,0,0,0,1,0
AlphaBeta++__vs__Génétique (éval AB)__seed7070009__Astart,,A,B,no_move,12,"1,1,CIRCLE | 1,2,SQUARE | 3,0,SQUARE | 3,3,CIRCLE",3.956206,11.095212,6,6,193,158,0,0,0,0,0,0
AlphaBeta++__vs__Génétique (éval AB)__seed7070010__Bstart,,B,A,victory,10,"1,2,SQUARE | 2,1,CIRCLE | 2,0,TRIANGLE | 3,3,DIAMOND",2.799245,7.817432,5,5,149,189,0,0,0,0,0,1
AlphaBeta++__vs__Génétique (éval AB)__seed8080009__Astart,,A,A,victory,7,"1,1,CIRCLE | 2,2,SQUARE | 0,3,SQUARE | 2,0,CIRCLE",3.672174,11.289175,4,3,176,117,0,0,0,0,0,1
AlphaBeta++__vs__Génétique (éval AB)__seed8080010__Bstart,,B,A,victory,10,"2,0,TRIANGLE | 1,1,CIRCLE | 1,2,DIAMOND | 0,3,TRIANGLE",2.862945,6.099502,5,5,150,186,0,0,0,0,0,1
AlphaBeta++__vs__Génétique (éval AB)__seed9090009__Astart,,A,A,victory,7,"1,1,CIRCLE | 1,2,TRIANGLE | 0,3,SQUARE | 2,1,SQUARE",3.759837,10.095562,4,3,181,122,0,0,0,0,0,1
AlphaBeta++__vs__Génétique (éval AB)__seed9090010__Bstart,,B,B,victory,9,"2,1,DIAMOND | 1,2,CIRCLE | 3,3,TRIANGLE | 1,1,TRIANGLE",2.711088,6.809104,4,5,135,187,0,0,0,0,1,0
AlphaBeta++__vs__Génétique (éval AB)__seed1120009__Astart,,A,A,victory,7,"1,1,CIRCLE | 2,1,SQUARE | 0,3,SQUARE | 3,3,DIAMOND",3.267930,10.130135,4,3,175,121,0,0,0,0,0,1
AlphaBeta++__vs__Génétique (éval AB)__seed1120010__Bstart,,B,B,victory,7,"1,2,DIAMOND | 2,1,CIRCLE | 0,0,TRIANGLE | 3,1,SQUARE",2.535396,6.068652,3,4,122,168,0,0,0,0,1,0
AlphaBeta++__vs__Génétique (éval AB)__seed2130009__Astart,,A,B,victory,14,"1,1,CIRCLE | 2,1,SQUARE | 0,3,SQUARE | 3,3,CIRCLE",3.953899,11.116452,7,7,193,160,1,1,0,0,1,0
AlphaBeta++__vs__Génétique (éval AB)__seed2130010__Bstart,,B,B,victory,9,"3,3,SQUARE | 1,1,CIRCLE | 1,2,TRIANGLE | 2,2,DIAMOND",2.778341,5.930013,4,5,138,192,0,0,0,0,1,0
AlphaBeta++__vs__Génétique (éval AB)__seed3140009__Astart,,A,A,victory,9,"1,1,CIRCLE | 2,2,DIAMOND | 0,2,SQUARE | 3,0,TRIANGLE",3.358231,10.235465,5,4,189,131,0,0,0,0,0,1
AlphaBeta++__vs__Génétique (éval AB)__seed3140010__Bstart,,B,B,victory,9,"1,1,SQUARE | 2,2,CIRCLE | 3,0,TRIANGLE | 1,2,TRIANGLE",2.758495,7.438387,4,5,140,184,0,0,0,0,1,0
AlphaBeta++__vs__Génétique (éval AB)__seed4150009__Astart,,A,B,victory,12,"1,1,CIRCLE | 2,2,CIRCLE | 0,2,SQUARE | 3,1,SQUARE",3.940226,12.532528,6,6,191,158,0,0,0,0,1,0
AlphaBeta++__vs__Génétique (éval AB)__seed4150010__Bstart,,B,A,victory,10,"3,1,TRIANGLE | 2,2,CIRCLE | 1,2,DIAMOND | 0,3,TRIANGLE",2.770434,5.537036,5,5,150,186,0,0,0,0,0,1
AlphaBeta++__vs__Génétique (éval AB)__seed5160009__Astart,,A,A,victory,7,"1,1,CIRCLE | 2,1,SQUARE | 0,3,SQUARE | 2,3,CIRCLE",3.792025,10.608330,4,3,179,119,0,0,0,0,0,1
AlphaBeta++__vs__Génétique (éval AB)__seed5160010__Bstart,,B,B,victory,9,"2,3,TRIANGLE | 1,1,CIRCLE | 1,2,DIAMOND | 3,2,SQUARE",2.768111,5.634197,4,5,136,189,0,0,0,0,1,0
AlphaBeta++__vs__Génétique (éval AB)__seed6170009__Astart,,A,A,victory,7,"1,1,CIRCLE | 2,1,DIAMOND | 3,0,SQUARE | 0,3,TRIANGLE",3.725251,9.177796,4,3,177,121,0,0,0,0,0,1
AlphaBeta++__vs__Génétique (éval AB)__seed6170010__Bstart,,B,A,victory,10,"3,0,CIRCLE | 1,2,CIRCLE | 2,2,SQUARE | 0,0,SQUARE",2.803721,7.340455,5,5,153,185,0,0,0,0,0,1
AlphaBeta++__vs__Génétique (éval AB)__seed7180009__Astart,,A,A,victory,7,"1,1,CIRCLE | 1,2,TRIANGLE | 0,3,SQUARE | 2,0,DIAMOND",3.785472,8.753100,4,3,177,121,0,0,0,0,0,1
AlphaBeta++__vs__Génétique (éval AB)__seed7180010__Bstart,,B,B,victory,11,"3,0,DIAMOND | 1,2,CIRCLE | 2,2,SQUARE | 0,3,DIAMOND",2.870745,5.289337,5,6,141,189,0,0,0,0,1,0
AlphaBeta++__vs__Génétique (éval AB)__seed8190009__Astart,,A,A,victory,7,"1,1,CIRCLE | 1,2,TRIANGLE | 0,3,SQUARE | 3,0,DIAMOND",3.785613,9.140416,4,3,175,121,0,0,0,0,0,1
AlphaBeta++__vs__Génétique (éval AB)__seed8190010__Bstart,,B,A,victory,8,"0,2,TRIANGLE | 1,1,CIRCLE | 2,1,DIAMOND | 3,0,TRIANGLE",2.959903,5.714118,4,4,129,174,0,0,0,0,0,1
AlphaBeta++__vs__Génétique (éval AB)__seed9200009__Astart,,A,A,victory,7,"1,1,CIRCLE | 1,2,DIAMOND | 0,3,SQUARE | 3,0,TRIANGLE",3.741813,8.966362,4,3,175,121,0,0,0,0,0,1
AlphaBeta++__vs__Génétique (éval AB)__seed9200010__Bstart,,B,B,victory,9,"0,1,SQUARE | 2,2,TRIANGLE | 1,2,CIRCLE | 2,3,SQUARE",2.726697,5.679058,4,5,130,195,0,0,0,0,1,0
AlphaBeta++__vs__Génétique (éval AB)__seed1010011__Astart,,A,B,victory,14,"1,1,CIRCLE | 2,1,SQUARE | 0,3,SQUARE | 3,3,CIRCLE",3.950723,11.009505,7,7,193,160,1,1,0,0,1,0
AlphaBeta++__vs__Génétique (éval AB)__seed1010012__Bstart,,B,B,victory,9,"3,2,SQUARE | 1,1,CIRCLE | 2,1,TRIANGLE | 2,3,DIAMOND",2.725007,6.457356,4,5,136,187,0,0,0,0,1,0
AlphaBeta++__vs__Génétique (éval AB)__seed2020011__Astart,,A,A,victory,7,"1,1,CIRCLE | 1,2,TRIANGLE | 0,3,SQUARE | 3,0,DIAMOND",3.789573,8.510571,4,3,175,121,0,0,0,0,0,1
AlphaBeta++__vs__Génétique (éval AB)__seed2020012__Bstart,,B,A,victory,10,"2,0,DIAMOND | 1,1,CIRCLE | 1,2,SQUARE | 0,3,DIAMOND",2.753493,5.957613,5,5,150,186,0,0,0,0,0,1
AlphaBeta++__vs__Génétique (éval AB)__seed3030011__Astart,,A,B,victory,12,"1,1,CIRCLE | 2,2,CIRCLE | 0,2,SQUARE | 3,1,SQUARE",3.936714,12.007232,6,6,191,158,0,0,0,0,1,0
AlphaBeta++__vs__Génétique (éval AB)__seed3030012__Bstart,,B,A,victory,12,"2,0,CIRCLE | 1,1,CIRCLE | 2,1,DIAMOND | 3,2,SQUARE",2.914748,6.915019,6,6,161,185,0,0,0,0,0,1
AlphaBeta++__vs__Génétique (éval AB)__seed4040011__Astart,,A,A,victory,7,"1,1,CIRCLE | 1,2,TRIANGLE | 0,3,SQUARE | 2,0,DIAMOND",3.795773,9.493290,4,3,177,121,0,0,0,0,0,1
AlphaBeta++__vs__Génétique (éval AB)__seed4040012__Bstart,,B,A,victory,8,"0,1,DIAMOND | 1,2,CIRCLE | 2,2,SQUARE | 3,3,DIAMOND",2.695376,5.920187,4,4,140,173,0,0,0,0,0,1
AlphaBeta++__vs__Génétique (éval AB)__seed5050011__Astart,,A,A,victory,7,"1,1,CIRCLE | 2,1,SQUARE | 0,3,SQUARE | 3,3,DIAMOND",3.120608,9.893765,4,3,179,121,0,0,0,0,0,1
AlphaBeta++__vs__Génétique (éval AB)__seed5050012__Bstart,,B,A,victory,10,"2,1,DIAMOND | 1,2,CIRCLE | 0,0,CIRCLE | 0,1,TRIANGLE",2.749385,6.266648,5,5,143,188,0,0,0,0,0,1
AlphaBeta++__vs__Génétique (éval AB)__seed6060011__Astart,,A,A,victory,9,"1,1,CIRCLE | 2,2,TRIANGLE | 0,2,SQUARE | 0,3,CIRCLE",3.138026,11.325770,5,4,188,137,0,0,0,0,0,1
AlphaBeta++__vs__Génétique (éval AB)__seed6060012__Bstart,,B,B,victory,15,"2,0,DIAMOND | 1,1,CIRCLE | 3,2,TRIANGLE | 2,3,SQUARE",2.821818,6.446436,7,8,142,197,1,1,0,0,1,0
AlphaBeta++__vs__Génétique (éval AB)__seed7070011__Astart,,A,A,victory,7,"1,1,CIRCLE | 2,2,DIAMOND | 0,2,SQUARE | 3,1,SQUARE",3.088153,9.709959,4,3,177,121,0,0,0,0,0,1
AlphaBeta++__vs__Génétique (éval AB)__seed7070012__Bstart,,B,A,victory,8,"2,2,DIAMOND | 1,1,CIRCLE | 0,0,TRIANGLE | 0,2,SQUARE",2.849396,6.031295,4,4,141,175,0,0,0,0,0,1
AlphaBeta++__vs__Génétique (éval AB)__seed8080011__Astart,,A,A,victory,7,"1,1,CIRCLE | 1,2,DIAMOND | 0,3,SQUARE | 3,0,TRIANGLE",3.746279,9.131650,4,3,175,121,0,0,0,0,0,1
AlphaBeta++__vs__Génétique (éval AB)__seed8080012__Bstart,,B,B,victory,13,"0,3,TRIANGLE | 2,1,CIRCLE | 1,1,SQUARE | 1,2,DIAMOND",2.756971,5.881860,6,7,140,196,1,0,0,0,1,0
AlphaBeta++__vs__Génétique (éval AB)__seed9090011__Astart,,A,A,victory,13,"1,1,CIRCLE | 2,2,CIRCLE | 0,2,SQUARE | 2,1,SQUARE",3.938898,12.287731,7,6,199,154,0,0,0,0,0,1
AlphaBeta++__vs__Génétique (éval AB)__seed9090012__Bstart,,B,B,victory,9,"2,2,SQUARE | 1,1,CIRCLE | 3,1,TRIANGLE | 1,0,DIAMOND",2.795414,6.771296,4,5,132,188,0,0,0,0,1,0
AlphaBeta++__vs__Génétique (éval AB)__seed1120011__Astart,,A,B,no_move,12,"1,1,CIRCLE | 1,2,SQUARE | 3,0,SQUARE | 3,3,CIRCLE",3.959992,11.526596,6,6,193,158,0,0,0,0,0,0
AlphaBeta++__vs__Génétique (éval AB)__seed1120012__Bstart,,B,A,victory,10,"3,1,TRIANGLE | 2,2,CIRCLE | 1,2,SQUARE | 0,3,TRIANGLE",2.753240,6.428326,5,5,150,186,0,0,0,0,0,1
AlphaBeta++__vs__Génétique (éval AB)__seed2130011__Astart,,A,B,no_move,12,"1,1,CIRCLE | 1,2,SQUARE | 3,0,SQUARE | 3,3,CIRCLE",3.957454,11.154937,6,6,193,158,0,0,0,0,0,0
AlphaBeta++__vs__Génétique (éval AB)__seed2130012__Bstart,,B,A,victory,10,"1,0,TRIANGLE | 2,1,CIRCLE | 2,2,SQUARE | 3,3,TRIANGLE",2.771139,6.244411,5,5,150,186,0,0,0,0,0,1
AlphaBeta++__vs__Génétique (éval AB)__seed3140011__Astart,,A,A,victory,7,"1,1,CIRCLE | 1,2,TRIANGLE | 0,3,SQUARE | 3,0,DIAMOND",3.789394,9.720637,4,3,176,121,0,0,0,0,0,1
AlphaBeta++__vs__Génétique (éval AB)__seed3140012__Bstart,,B,A,victory,10,"2,0,SQUARE | 1,1,CIRCLE | 1,2,DIAMOND | 0,3,SQUARE",2.780773,6.391084,5,5,150,186,0,0,0,0,0,1
AlphaBeta++__vs__Génétique (éval AB)__seed4150011__Astart,,A,B,no_move,12,"1,1,CIRCLE | 1,2,SQUARE | 3,0,SQUARE | 3,3,CIRCLE",3.961103,11.666285,6,6,193,158,0,0,0,0,0,0
AlphaBeta++__vs__Génétique (éval AB)__seed4150012__Bstart,,B,A,victory,10,"3,0,CIRCLE | 1,2,CIRCLE | 2,2,SQUARE | 0,0,SQUARE",2.789369,7.123327,5,5,153,185,0,0,0,0,0,1
AlphaBeta++__vs__Génétique (éval AB)__seed5160011__Astart,,A,A,victory,9,"1,1,CIRCLE | 2,2,TRIANGLE | 0,2,SQUARE | 0,3,CIRCLE",3.175941,10.972199,5,4,186,133,0,0,0,0,0,1
AlphaBeta++__vs__Génétique (éval AB)__seed5160012__Bstart,,B,B,victory,9,"2,3,TRIANGLE | 1,1,CIRCLE | 1,2,SQUARE | 3,2,DIAMOND",2.727636,5.197167,4,5,136,192,0,0,0,0,1,0
AlphaBeta++__vs__Génétique (éval AB)__seed6170011__Astart,,A,A,victory,7,"1,1,CIRCLE | 1,2,TRIANGLE | 0,3,SQUARE | 3,0,DIAMOND",3.785744,9.172964,4,3,175,121,0,0,0,0,0,1
AlphaBeta++__vs__Génétique (éval AB)__seed6170012__Bstart,,B,B,victory,15,"2,1,DIAMOND | 1,2,CIRCLE | 3,2,SQUARE | 0,3,TRIANGLE",2.880925,6.571403,7,8,143,206,1,1,0,0,1,0
AlphaBeta++__vs__Génétique (éval AB)__seed7180011__Astart,,A,A,victory,7,"1,1,CIRCLE | 2,1,DIAMOND | 3,0,SQUARE | 0,3,TRIANGLE",3.725529,9.130265,4,3,176,121,0,0,0,0,0,1
AlphaBeta++__vs__Génétique (éval AB)__seed7180012__Bstart,,B,A,victory,8,"3,1,SQUARE | 2,2,TRIANGLE | 1,2,DIAMOND | 0,3,SQUARE",2.697416,6.128997,4,4,137,173,0,0,0,0,0,1
AlphaBeta++__vs__Génétique (éval AB)__seed8190011__Astart,,A,A,victory,7,"1,1,CIRCLE | 2,2,DIAMOND | 0,2,SQUARE | 3,0,SQUARE",3.796330,10.366435,4,3,177,120,0,0,0,0,0,1
AlphaBeta++__vs__Génétique (éval AB)__seed8190012__Bstart,,B,A,victory,8,"1,2,DIAMOND | 2,1,CIRCLE | 3,1,TRIANGLE | 0,0,SQUARE",2.715007,5.904263,4,4,139,174,0,0,0,0,0,1
AlphaBeta++__vs__Génétique (éval AB)__seed9200011__Astart,,A,A,victory,7,"1,1,CIRCLE | 1,2,TRIANGLE | 0,3,SQUARE | 3,0,DIAMOND",3.788387,8.877224,4,3,176,121,0,0,0,0,0,1
AlphaBeta++__vs__Génétique (éval AB)__seed9200012__Bstart,,B,B,victory,9,"0,3,SQUARE | 2,1,CIRCLE | 1,1,DIAMOND | 2,0,TRIANGLE",2.708828,5.948620,4,5,138,190,0,0,0,0,1,0
AlphaBeta++__vs__Génétique (éval AB)__seed1010013__Astart,,A,A,victory,7,"1,1,CIRCLE | 2,2,DIAMOND | 0,2,SQUARE | 3,1,SQUARE",3.087185,9.617043,4,3,177,121,0,0,0,0,0,1
AlphaBeta++__vs__Génétique (éval AB)__seed1010014__Bstart,,B,B,victory,9,"0,3,CIRCLE | 2,1,SQUARE | 1,1,DIAMOND | 2,0,TRIANGLE",2.672637,6.257309,4,5,139,192,0,0,0,0,1,0
AlphaBeta++__vs__Génétique (éval AB)__seed2020013__Astart,,A,A,victory,7,"1,1,CIRCLE | 2,1,DIAMOND | 3,0,SQUARE | 0,3,TRIANGLE",3.715636,8.859243,4,3,175,121,0,0,0,0,0,1
AlphaBeta++__vs__Génétique (éval AB)__seed2020014__Bstart,,B,B,victory,9,"0,3,CIRCLE | 2,1,SQUARE | 1,1,DIAMOND | 2,0,TRIANGLE",2.699241,6.266524,4,5,138,192,0,0,0,0,1,0
AlphaBeta++__vs__Génétique (éval AB)__seed3030013__Astart,,A,A,victory,9,"1,1,CIRCLE | 2,2,SQUARE | 0,3,SQUARE | 2,0,CIRCLE",3.767251,11.138495,5,4,196,132,0,0,0,0,0,1
AlphaBeta++__vs__Génétique (éval AB)__seed3030014__Bstart,,B,A,victory,10,"0,1,DIAMOND | 1,2,CIRCLE | 2,2,TRIANGLE | 3,3,DIAMOND",2.780084,5.763803,5,5,149,186,0,0,0,0,0,1
AlphaBeta++__vs__Génétique (éval AB)__seed4040013__Astart,,A,A,victory,7,"1,1,CIRCLE | 2,1,DIAMOND | 3,0,SQUARE | 0,2,SQUARE",3.790290,8.585176,4,3,179,122,0,0,0,0,0,1
AlphaBeta++__vs__Génétique (éval AB)__seed4040014__Bstart,,B,A,victory,10,"0,1,DIAMOND | 1,2,CIRCLE | 2,2,SQUARE | 3,3,DIAMOND",2.758257,5.867839,5,5,149,186,0,0,0,0,0,1
AlphaBeta++__vs__Génétique (éval AB)__seed5050013__Astart,,A,A,victory,7,"1,1,CIRCLE | 1,2,TRIANGLE | 0,3,SQUARE | 3,0,DIAMOND",3.788287,9.082378,4,3,176,121,0,0,0,0,0,1
AlphaBeta++__vs__Génétique (éval AB)__seed5050014__Bstart,,B,A,victory,10,"1,3,SQUARE | 2,2,TRIANGLE | 2,1,CIRCLE | 3,0,SQUARE",2.754934,6.394548,5,5,150,186,0,0,0,0,0,1
AlphaBeta++__vs__Génétique (éval AB)__seed6060013__Astart,,A,A,victory,7,"1,1,CIRCLE | 1,2,TRIANGLE | 0,3,SQUARE | 3,0,DIAMOND",3.788822,9.527561,4,3,176,121,0,0,0,0,0,1
AlphaBeta++__vs__Génétique (éval AB)__seed6060014__Bstart,,B,B,victory,9,"2,2,DIAMOND | 1,1,CIRCLE | 0,3,SQUARE | 3,2,TRIANGLE",2.636496,6.412656,4,5,140,185,0,0,0,0,1,0
AlphaBeta++__vs__Génétique (éval AB)__seed7070013__Astart,,A,A,victory,7,"1,1,CIRCLE | 1,2,TRIANGLE | 0,3,SQUARE | 3,0,DIAMOND",3.802928,10.577739,4,3,176,121,0,0,0,0,0,1
AlphaBeta++__vs__Génétique (éval AB)__seed7070014__Bstart,,B,B,victory,9,"0,0,CIRCLE | 2,2,SQUARE | 2,1,TRIANGLE | 3,1,CIRCLE",2.763545,6.351289,4,5,138,185,0,0,0,0,1,0
AlphaBeta++__vs__Génétique (éval AB)__seed8080013__Astart,,A,A,victory,7,"1,1,CIRCLE | 2,2,SQUARE | 0,3,SQUARE | 2,0,CIRCLE",3.657001,10.786396,4,3,176,117,0,0,0,0,0,1
AlphaBeta++__vs__Génétique (éval AB)__seed8080014__Bstart,,B,B,victory,7,"0,1,DIAMOND | 1,2,CIRCLE | 2,0,SQUARE | 1,3,TRIANGLE",2.536590,5.223809,3,4,122,168,0,0,0,0,1,0
AlphaBeta++__vs__Génétique (éval AB)__seed9090013__Astart,,A,A,victory,7,"1,1,CIRCLE | 1,2,TRIANGLE | 0,3,SQUARE | 3,0,DIAMOND",3.786915,9.091380,4,3,177,121,0,0,0,0,0,1
AlphaBeta++__vs__Génétique (éval AB)__seed9090014__Bstart,,B,A,victory,12,"1,0,CIRCLE | 2,1,CIRCLE | 1,1,SQUARE | 0,3,TRIANGLE",2.740332,7.346740,6,6,165,187,0,0,0,0,0,1
AlphaBeta++__vs__Génétique (éval AB)__seed1120013__Astart,,A,A,victory,7,"1,1,CIRCLE | 2,1,SQUARE | 0,3,SQUARE | 3,3,TRIANGLE",3.201368,10.084091,4,3,179,121,0,0,0,0,0,1
AlphaBeta++__vs__Génétique (éval AB)__seed1120014__Bstart,,B,A,victory,12,"2,3,CIRCLE | 1,1,CIRCLE | 1,2,DIAMOND | 2,0,DIAMOND",2.842992,8.007023,6,6,156,192,0,0,0,0,0,1
AlphaBeta++__vs__Génétique (éval AB)__seed2130013__Astart,,A,A,victory,7,"1,1,CIRCLE | 2,2,TRIANGLE | 0,2,SQUARE | 0,3,CIRCLE",3.076508,10.551686,4,3,178,119,0,0,0,0,0,1
AlphaBeta++__vs__Génétique (éval AB)__seed2130014__Bstart,,B,B,victory,11,"0,3,SQUARE | 2,1,CIRCLE | 1,1,TRIANGLE | 1,2,DIAMOND",2.709394,6.380884,5,6,136,197,0,0,0,0,1,0
AlphaBeta++__vs__Génétique (éval AB)__seed3140013__Astart,,A,A,victory,7,"1,1,CIRCLE | 1,2,DIAMOND | 0,3,SQUARE | 2,0,TRIANGLE",3.787120,9.062995,4,3,178,121,0,0,0,0,0,1
AlphaBeta++__vs__Génétique (éval AB)__seed3140014__Bstart,,B,B,victory,11,"1,2,SQUARE | 2,1,CIRCLE | 0,1,DIAMOND | 2,0,TRIANGLE",2.819893,6.195410,5,6,139,192,0,0,0,0,1,0
AlphaBeta++__vs__Génétique (éval AB)__seed4150013__Astart,,A,B,victory,12,"1,1,CIRCLE | 2,2,CIRCLE | 0,2,SQUARE | 3,1,SQUARE",3.936916,12.233801,6,6,191,158,0,0,0,0,1,0
AlphaBeta++__vs__Génétique (éval AB)__seed4150014__Bstart,,B,B,victory,9,"0,0,DIAMOND | 2,2,CIRCLE | 1,2,TRIANGLE | 1,1,SQUARE",2.718097,5.444716,4,5,138,195,0,0,0,0,1,0
AlphaBeta++__vs__Génétique (éval AB)__seed5160013__Astart,,A,A,victory,7,"1,1,CIRCLE | 2,2,SQUARE | 0,3,SQUARE | 3,0,DIAMOND",3.789217,11.285858,4,3,173,117,0,0,0,0,0,1
AlphaBeta++__vs__Génétique (éval AB)__seed5160014__Bstart,,B,A,victory,10,"3,1,TRIANGLE | 2,2,CIRCLE | 1,2,DIAMOND | 0,3,TRIANGLE",2.771809,6.131031,5,5,150,186,0,0,0,0,0,1
AlphaBeta++__vs__Génétique (éval AB)__seed6170013__Astart,,A,A,victory,7,"1,1,CIRCLE | 1,2,TRIANGLE | 0,3,SQUARE | 3,0,DIAMOND",3.783490,9.259571,4,3,176,121,0,0,0,0,0,1
AlphaBeta++__vs__Génétique (éval AB)__seed6170014__Bstart,,B,A,victory,8,"2,1,DIAMOND | 1,2,CIRCLE | 0,2,SQUARE | 3,3,TRIANGLE",2.688077,6.307640,4,4,139,174,0,0,0,0,0,1
AlphaBeta++__vs__Génétique (éval AB)__seed7180013__Astart,,A,A,victory,7,"1,1,CIRCLE | 2,1,TRIANGLE | 3,0,SQUARE | 0,3,DIAMOND",3.790751,9.079916,4,3,176,121,0,0,0,0,0,1
AlphaBeta++__vs__Génétique (éval AB)__seed7180014__Bstart,,B,A,victory,8,"1,0,TRIANGLE | 2,1,CIRCLE | 2,2,SQUARE | 3,3,TRIANGLE",2.723140,6.419827,4,4,140,173,0,0,0,0,0,1
AlphaBeta++__vs__Génétique (éval AB)__seed8190013__Astart,,A,A,victory,13,"1,1,CIRCLE | 2,2,CIRCLE | 0,2,SQUARE | 2,1,SQUARE",3.940553,12.504647,7,6,199,154,0,0,0,0,0,1
AlphaBeta++__vs__Génétique (éval AB)__seed8190014__Bstart,,B,A,victory,10,"1,0,CIRCLE | 2,1,CIRCLE | 2,2,SQUARE | 3,3,DIAMOND",2.836286,7.616801,5,5,143,189,0,0,0,0,0,1
AlphaBeta++__vs__Génétique (éval AB)__seed9200013__Astart,,A,A,victory,7,"1,1,CIRCLE | 2,2,DIAMOND | 0,2,SQUARE | 3,0,SQUARE",3.798131,10.236929,4,3,177,120,0,0,0,0,0,1
AlphaBeta++__vs__Génétique (éval AB)__seed9200014__Bstart,,B,A,victory,10,"3,2,CIRCLE | 1,1,CIRCLE | 2,1,SQUARE | 0,2,SQUARE",2.836017,8.934266,5,5,148,185,0,0,0,0,0,1
AlphaBeta++__vs__Génétique (éval AB)__seed1010015__Astart,,A,B,no_move,12,"1,1,CIRCLE | 1,2,SQUARE | 3,0,SQUARE | 3,3,CIRCLE",3.959768,11.707134,6,6,193,158,0,0,0,0,0,0
AlphaBeta++__vs__Génétique (éval AB)__seed1010016__Bstart,,B,A,victory,10,"2,1,CIRCLE | 1,2,CIRCLE | 0,3,TRIANGLE | 0,0,SQUARE",2.755012,7.967810,5,5,148,186,0,0,0,0,0,1
AlphaBeta++__vs__Génétique (éval AB)__seed2020015__Astart,,A,A,victory,9,"1,1,CIRCLE | 2,1,TRIANGLE | 3,0,SQUARE | 1,0,DIAMOND",3.880236,9.816838,5,4,197,138,0,0,0,0,0,1
AlphaBeta++__vs__Génétique (éval AB)__seed2020016__Bstart,,B,A,victory,8,"2,1,DIAMOND | 1,2,CIRCLE | 1,3,SQUARE | 0,0,TRIANGLE",2.682318,5.943741,4,4,139,174,0,0,0,0,0,1
AlphaBeta++__vs__Génétique (éval AB)__seed3030015__Astart,,A,A,victory,9,"1,1,CIRCLE | 2,2,TRIANGLE | 0,2,SQUARE | 3,0,DIAMOND",3.520987,10.400863,5,4,183,134,0,0,0,0,0,1
AlphaBeta++__vs__Génétique (éval AB)__seed3030016__Bstart,,B,A,victory,10,"1,2,CIRCLE | 2,1,CIRCLE | 3,0,TRIANGLE | 0,0,SQUARE",2.751545,7.840859,5,5,148,186,0,0,0,0,0,1
AlphaBeta++__vs__Génétique (éval AB)__seed4040015__Astart,,A,A,victory,9,"1,1,CIRCLE | 1,2,SQUARE | 3,0,SQUARE | 2,3,DIAMOND",3.596895,10.392389,5,4,194,133,0,0,0,0,0,1
AlphaBeta++__vs__Génétique (éval AB)__seed4040016__Bstart,,B,A,victory,8,"1,1,SQUARE | 2,2,CIRCLE | 2,3,DIAMOND | 3,0,TRIANGLE",2.729593,7.173743,4,4,140,174,0,0,0,0,0,1
AlphaBeta++__vs__Génétique (éval AB)__seed5050015__Astart,,A,B,victory,12,"1,1,CIRCLE | 2,2,CIRCLE | 0,2,SQUARE | 3,1,SQUARE",3.938788,11.673310,6,6,191,158,0,0,0,0,1,0
AlphaBeta++__vs__Génétique (éval AB)__seed5050016__Bstart,,B,B,victory,9,"3,2,DIAMOND | 1,1,CIRCLE | 0,3,CIRCLE | 2,1,DIAMOND",2.768716,5.589299,4,5,137,192,0,0,0,0,1,0
AlphaBeta++__vs__Génétique (éval AB)__seed6060015__Astart,,A,A,victory,7,"1,1,CIRCLE | 1,2,DIAMOND | 0,3,SQUARE | 3,0,TRIANGLE",3.764734,9.106541,4,3,176,121,0,0,0,0,0,1
AlphaBeta++__vs__Génétique (éval AB)__seed6060016__Bstart,,B,A,victory,10,"3,3,CIRCLE | 1,1,CIRCLE | 1,2,SQUARE | 3,0,SQUARE",2.787122,9.378392,5,5,153,185,0,0,0,0,0,1
AlphaBeta++__vs__Génétique (éval AB)__seed7070015__Astart,,A,A,victory,7,"1,1,CIRCLE | 2,2,TRIANGLE | 0,2,SQUARE | 3,1,SQUARE",3.168086,10.641139,4,3,179,121,0,0,0,0,0,1
AlphaBeta++__vs__Génétique (éval AB)__seed7070016__Bstart,,B,B,victory,9,"1,3,SQUARE | 2,2,TRIANGLE | 0,1,DIAMOND | 2,0,SQUARE",2.747377,5.384993,4,5,136,195,0,0,0,0,1,0
AlphaBeta++__vs__Génétique (éval AB)__seed8080015__Astart,,A,A,victory,7,"1,1,CIRCLE | 1,2,TRIANGLE | 0,3,SQUARE | 3,0,DIAMOND",3.789641,8.571321,4,3,177,121,0,0,0,0,0,1
AlphaBeta++__vs__Génétique (éval AB)__seed8080016__Bstart,,B,B,victory,11,"3,3,TRIANGLE | 1,1,CIRCLE | 1,2,SQUARE | 3,2,DIAMOND",2.849216,5.498349,5,6,134,197,0,0,0,0,1,0
AlphaBeta++__vs__Génétique (éval AB)__seed9090015__Astart,,A,A,victory,7,"1,1,CIRCLE | 2,1,TRIANGLE | 3,0,SQUARE | 0,3,DIAMOND",3.787312,9.595040,4,3,176,121,0,0,0,0,0,1
AlphaBeta++__vs__Génétique (éval AB)__seed9090016__Bstart,,B,B,victory,7,"0,0,CIRCLE | 2,2,SQUARE | 1,2,TRIANGLE | 2,3,CIRCLE",2.582722,6.151502,3,4,118,180,0,0,0,0,1,0
AlphaBeta++__vs__Génétique (éval AB)__seed1120015__Astart,,A,A,victory,7,"1,1,CIRCLE | 2,2,SQUARE | 0,3,SQUARE | 2,0,CIRCLE",3.669123,11.805851,4,3,176,117,0,0,0,0,0,1
AlphaBeta++__vs__Génétique (éval AB)__seed1120016__Bstart,,B,B,victory,11,"0,3,CIRCLE | 2,1,SQUARE | 1,1,TRIANGLE | 2,0,DIAMOND",2.763566,6.562865,5,6,151,195,0,0,0,0,1,0
AlphaBeta++__vs__Génétique (éval AB)__seed2130015__Astart,,A,A,victory,7,"1,1,CIRCLE | 2,1,TRIANGLE | 3,0,SQUARE | 0,2,DIAMOND",3.783331,9.680556,4,3,179,121,0,0,0,0,0,1
AlphaBeta++__vs__Génétique (éval AB)__seed2130016__Bstart,,B,B,victory,11,"0,1,TRIANGLE | 2,2,CIRCLE | 3,0,CIRCLE | 3,1,DIAMOND",2.929104,6.024693,5,6,148,192,0,0,0,0,1,0
AlphaBeta++__vs__Génétique (éval AB)__seed3140015__Astart,,A,A,victory,7,"1,1,CIRCLE | 1,2,DIAMOND | 0,3,SQUARE | 3,0,TRIANGLE",3.757381,8.658613,4,3,176,121,0,0,0,0,0,1
AlphaBeta++__vs__Génétique (éval AB)__seed3140016__Bstart,,B,B,victory,11,"3,3,SQUARE | 1,1,CIRCLE | 1,2,DIAMOND | 2,2,TRIANGLE",2.793965,5.973797,5,6,147,201,0,0,0,0,1,0
AlphaBeta++__vs__Génétique (éval AB)__seed4150015__Astart,,A,A,victory,7,"1,1,CIRCLE | 2,2,TRIANGLE | 0,2,SQUARE | 3,1,SQUARE",3.177876,9.946409,4,3,177,121,0,0,0,0,0,1
AlphaBeta++__vs__Génétique (éval AB)__seed4150016__Bstart,,B,A,victory,10,"3,3,CIRCLE | 1,1,CIRCLE | 1,2,SQUARE | 3,0,SQUARE",2.789239,7.529524,5,5,153,185,0,0,0,0,0,1
AlphaBeta++__vs__Génétique (éval AB)__seed5160015__Astart,,A,B,victory,12,"1,1,CIRCLE | 2,2,CIRCLE | 0,2,SQUARE | 3,1,SQUARE",3.939045,11.676375,6,6,191,158,0,0,0,0,1,0
AlphaBeta++__vs__Génétique (éval AB)__seed5160016__Bstart,,B,A,victory,10,"2,0,TRIANGLE | 1,1,CIRCLE | 1,2,SQUARE | 0,3,TRIANGLE",2.744837,6.398679,5,5,150,186,0,0,0,0,0,1
AlphaBeta++__vs__Génétique (éval AB)__seed6170015__Astart,,A,A,victory,7,"1,1,CIRCLE | 2,1,DIAMOND | 3,0,SQUARE | 0,3,TRIANGLE",3.724905,8.872179,4,3,175,121,0,0,0,0,0,1
AlphaBeta++__vs__Génétique (éval AB)__seed6170016__Bstart,,B,A,victory,10,"3,0,CIRCLE | 1,2,CIRCLE | 2,2,TRIANGLE | 0,0,TRIANGLE",2.783966,7.310294,5,5,153,185,0,0,0,0,0,1
AlphaBeta++__vs__Génétique (éval AB)__seed7180015__Astart,,A,A,victory,7,"1,1,CIRCLE | 2,1,TRIANGLE | 3,0,SQUARE | 0,3,DIAMOND",3.786167,9.128280,4,3,175,121,0,0,0,0,0,1
AlphaBeta++__vs__Génétique (éval AB)__seed7180016__Bstart,,B,B,victory,11,"0,3,SQUARE | 2,1,CIRCLE | 2,2,DIAMOND | 3,1,TRIANGLE",2.780699,6.045455,5,6,129,193,1,0,0,0,1,0
AlphaBeta++__vs__Génétique (éval AB)__seed8190015__Astart,,A,A,victory,7,"1,1,CIRCLE | 2,1,TRIANGLE | 3,0,SQUARE | 0,2,DIAMOND",3.789832,9.291922,4,3,177,121,0,0,0,0,0,1
AlphaBeta++__vs__Génétique (éval AB)__seed8190016__Bstart,,B,A,victory,10,"1,0,DIAMOND | 2,1,CIRCLE | 2,2,TRIANGLE | 3,3,DIAMOND",2.780367,6.302426,5,5,149,186,0,0,0,0,0,1
AlphaBeta++__vs__Génétique (éval AB)__seed9200015__Astart,,A,B,victory,10,"1,1,CIRCLE | 1,2,TRIANGLE | 0,3,SQUARE | 0,0,DIAMOND",3.882949,10.666845,5,5,177,163,0,0,0,0,1,0
AlphaBeta++__vs__Génétique (éval AB)__seed9200016__Bstart,,B,B,victory,9,"1,3,DIAMOND | 2,1,CIRCLE | 2,2,SQUARE | 3,1,TRIANGLE",2.761359,5.621814,4,5,138,190,0,0,0,0,1,0
AlphaBeta++__vs__Génétique (éval AB)__seed1010017__Astart,,A,A,victory,7,"1,1,CIRCLE | 1,2,TRIANGLE | 0,3,SQUARE | 3,0,DIAMOND",3.790642,9.565266,4,3,175,121,0,0,0,0,0,1
AlphaBeta++__vs__Génétique (éval AB)__seed1010018__Bstart,,B,A,victory,10,"3,2,CIRCLE | 1,1,CIRCLE | 1,3,SQUARE | 3,0,SQUARE",2.804622,7.473869,5,5,148,185,0,0,0,0,0,1
AlphaBeta++__vs__Génétique (éval AB)__seed2020017__Astart,,A,A,victory,7,"1,1,CIRCLE | 2,2,TRIANGLE | 0,2,SQUARE | 3,0,DIAMOND",3.471242,10.889312,4,3,174,120,0,0,0,0,0,1
AlphaBeta++__vs__Génétique (éval AB)__seed2020018__Bstart,,B,B,victory,11,"1,2,DIAMOND | 2,1,CIRCLE | 0,0,TRIANGLE | 3,1,SQUARE",2.815563,6.690630,5,6,133,204,0,0,0,0,1,0
AlphaBeta++__vs__Génétique (éval AB)__seed3030017__Astart,,A,A,victory,7,"1,1,CIRCLE | 1,2,TRIANGLE | 0,3,SQUARE | 2,0,DIAMOND",3.786314,9.224898,4,3,175,121,0,0,0,0,0,1
AlphaBeta++__vs__Génétique (éval AB)__seed3030018__Bstart,,B,B,victory,9,"0,3,TRIANGLE | 2,1,CIRCLE | 1,1,SQUARE | 1,2,DIAMOND",2.717590,5.515552,4,5,139,195,0,0,0,0,1,0
AlphaBeta++__vs__Génétique (éval AB)__seed4040017__Astart,,A,A,victory,7,"1,1,CIRCLE | 2,2,DIAMOND | 0,2,SQUARE | 3,0,SQUARE",3.797886,9.867213,4,3,175,120,0,0,0,0,0,1
AlphaBeta++__vs__Génétique (éval AB)__seed4040018__Bstart,,B,B,victory,9,"2,2,SQUARE | 1,1,CIRCLE | 3,1,DIAMOND | 1,0,TRIANGLE",2.799928,6.777550,4,5,131,187,0,0,0,0,1,0
AlphaBeta++__vs__Génétique (éval AB)__seed5050017__Astart,,A,B,victory,14,"1,1,CIRCLE | 2,1,SQUARE | 0,3,SQUARE | 3,3,CIRCLE",3.949834,11.106946,7,7,193,160,1,1,0,0,1,0
AlphaBeta++__vs__Génétique (éval AB)__seed5050018__Bstart,,B,B,victory,9,"3,0,SQUARE | 1,2,CIRCLE | 2,2,TRIANGLE | 1,0,DIAMOND",2.712054,6.016488,4,5,136,197,0,0,0,0,1,0
AlphaBeta++__vs__Génétique (éval AB)__seed6060017__Astart,,A,A,victory,7,"1,1,CIRCLE | 2,1,DIAMOND | 3,0,SQUARE | 0,3,TRIANGLE",3.727419,9.001397,4,3,175,121,0,0,0,0,0,1
AlphaBeta++__vs__Génétique (éval AB)__seed6060018__Bstart,,B,A,victory,10,"0,2,TRIANGLE | 1,1,CIRCLE | 2,1,DIAMOND | 3,0,TRIANGLE",2.774073,6.025637,5,5,149,186,0,0,0,0,0,1
AlphaBeta++__vs__Génétique (éval AB)__seed7070017__Astart,,A,A,victory,9,"1,1,CIRCLE | 2,2,DIAMOND | 0,2,SQUARE | 3,0,TRIANGLE",3.376553,10.107178,5,4,189,131,0,0,0,0,0,1
AlphaBeta++__vs__Génétique (éval AB)__seed7070018__Bstart,,B,A,victory,10,"0,2,SQUARE | 1,1,CIRCLE | 2,1,TRIANGLE | 3,0,SQUARE",2.759478,7.183350,5,5,150,186,0,0,0,0,0,1
AlphaBeta++__vs__Génétique (éval AB)__seed8080017__Astart,,A,B,victory,14,"1,1,CIRCLE | 2,1,SQUARE | 0,3,SQUARE | 3,3,CIRCLE",3.949298,10.999081,7,7,193,160,1,1,0,0,1,0
AlphaBeta++__vs__Génétique (éval AB)__seed8080018__Bstart,,B,B,victory,9,"1,2,SQUARE | 2,1,CIRCLE | 0,0,DIAMOND | 2,2,DIAMOND",2.787686,6.800573,4,5,132,195,0,0,0,0,1,0
AlphaBeta++__vs__Génétique (éval AB)__seed9090017__Astart,,A,A,victory,7,"1,1,CIRCLE | 1,2,TRIANGLE | 0,3,SQUARE | 2,0,DIAMOND",3.791048,9.292227,4,3,175,121,0,0,0,0,0,1
AlphaBeta++__vs__Génétique (éval AB)__seed9090018__Bstart,,B,A,victory,10,"2,3,CIRCLE | 1,1,CIRCLE | 1,2,TRIANGLE | 2,0,TRIANGLE",2.804139,8.352925,5,5,155,185,0,0,0,0,0,1
AlphaBeta++__vs__Génétique (éval AB)__seed1120017__Astart,,A,A,victory,7,"1,1,CIRCLE | 2,2,DIAMOND | 0,2,SQUARE | 3,1,SQUARE",3.100420,10.142057,4,3,177,121,0,0,0,0,0,1
AlphaBeta++__vs__Génétique (éval AB)__seed1120018__Bstart,,B,A,victory,10,"1,0,TRIANGLE | 2,1,CIRCLE | 2,2,SQUARE | 3,3,TRIANGLE",2.775431,6.572833,5,5,150,186,0,0,0,0,0,1
AlphaBeta++__vs__Génétique (éval AB)__seed2130017__Astart,,A,A,victory,7,"1,1,CIRCLE | 2,1,TRIANGLE | 3,0,SQUARE | 0,3,DIAMOND",3.787824,9.219421,4,3,175,121,0,0,0,0,0,1
AlphaBeta++__vs__Génétique (éval AB)__seed2130018__Bstart,,B,B,victory,9,"3,2,SQUARE | 1,1,CIRCLE | 2,1,DIAMOND | 2,3,TRIANGLE",2.731493,6.162726,4,5,136,187,0,0,0,0,1,0
AlphaBeta++__vs__Génétique (éval AB)__seed3140017__Astart,,A,A,victory,7,"1,1,CIRCLE | 1,2,TRIANGLE | 0,3,SQUARE | 3,0,DIAMOND",3.787601,9.738457,4,3,175,121,0,0,0,0,0,1
AlphaBeta++__vs__Génétique (éval AB)__seed3140018__Bstart,,B,B,victory,11,"0,1,TRIANGLE | 2,2,CIRCLE | 3,0,CIRCLE | 3,1,DIAMOND",2.925045,6.144313,5,6,148,192,0,0,0,0,1,0
AlphaBeta++__vs__Génétique (éval AB)__seed4150017__Astart,,A,A,victory,7,"1,1,CIRCLE | 1,2,TRIANGLE | 0,3,SQUARE | 3,0,DIAMOND",3.786439,9.453062,4,3,175,121,0,0,0,0,0,1
AlphaBeta++__vs__Génétique (éval AB)__seed4150018__Bstart,,B,B,victory,9,"2,3,TRIANGLE | 1,1,CIRCLE | 1,2,SQUARE | 3,2,DIAMOND",2.833195,6.139741,4,5,137,186,0,0,0,0,1,0
AlphaBeta++__vs__Génétique (éval AB)__seed5160017__Astart,,A,A,victory,7,"1,1,CIRCLE | 2,2,TRIANGLE | 0,2,SQUARE | 3,0,DIAMOND",3.429686,11.102050,4,3,174,120,0,0,0,0,0,1
AlphaBeta++__vs__Génétique (éval AB)__seed5160018__Bstart,,B,B,victory,7,"2,1,DIAMOND | 1,2,CIRCLE | 0,0,TRIANGLE | 1,3,SQUARE",2.539406,6.243253,3,4,122,168,0,0,0,0,1,0
AlphaBeta++__vs__Génétique (éval AB)__seed6170017__Astart,,A,A,victory,7,"1,1,CIRCLE | 1,2,TRIANGLE | 0,3,SQUARE | 3,0,DIAMOND",3.786179,9.704173,4,3,176,121,0,0,0,0,0,1
AlphaBeta++__vs__Génétique (éval AB)__seed6170018__Bstart,,B,B,victory,9,"1,3,TRIANGLE | 2,1,CIRCLE | 2,2,DIAMOND | 0,2,SQUARE",2.756844,5.601623,4,5,136,192,0,0,0,0,1,0
AlphaBeta++__vs__Génétique (éval AB)__seed7180017__Astart,,A,A,victory,7,"1,1,CIRCLE | 1,2,TRIANGLE | 0,3,SQUARE | 2,1,SQUARE",3.785976,9.546567,4,3,179,122,0,0,0,0,0,1
AlphaBeta++__vs__Génétique (éval AB)__seed7180018__Bstart,,B,B,victory,9,"1,3,TRIANGLE | 2,1,CIRCLE | 2,2,DIAMOND | 0,2,SQUARE",2.766970,5.802370,4,5,136,192,0,0,0,0,1,0
AlphaBeta++__vs__Génétique (éval AB)__seed8190017__Astart,,A,A,victory,7,"1,1,CIRCLE | 2,1,TRIANGLE | 3,0,SQUARE | 0,2,DIAMOND",3.791260,9.247037,4,3,178,121,0,0,0,0,0,1
AlphaBeta++__vs__Génétique (éval AB)__seed8190018__Bstart,,B,B,victory,11,"1,3,DIAMOND | 2,1,CIRCLE | 2,2,SQUARE | 3,1,TRIANGLE",2.799923,5.738241,5,6,151,195,0,0,0,0,1,0
AlphaBeta++__vs__Génétique (éval AB)__seed9200017__Astart,,A,A,victory,7,"1,1,CIRCLE | 2,1,TRIANGLE | 3,0,SQUARE | 0,3,DIAMOND",3.788942,10.095636,4,3,176,121,0,0,0,0,0,1
AlphaBeta++__vs__Génétique (éval AB)__seed9200018__Bstart,,B,A,victory,10,"1,2,CIRCLE | 2,1,CIRCLE | 2,3,TRIANGLE | 1,0,TRIANGLE",2.849247,8.512768,5,5,148,185,0,0,0,0,0,1
AlphaBeta++__vs__Génétique (éval AB)__seed1010019__Astart,,A,A,victory,7,"1,1,CIRCLE | 2,1,DIAMOND | 3,0,SQUARE | 0,3,TRIANGLE",3.741302,9.267070,4,3,177,121,0,0,0,0,0,1
AlphaBeta++__vs__Génétique (éval AB)__seed1010020__Bstart,,B,A,victory,10,"1,2,TRIANGLE | 2,1,CIRCLE | 3,3,CIRCLE | 3,2,DIAMOND",2.756314,6.270630,5,5,140,185,0,0,0,0,0,1
AlphaBeta++__vs__Génétique (éval AB)__seed2020019__Astart,,A,A,victory,7,"1,1,CIRCLE | 2,1,TRIANGLE | 3,0,SQUARE | 0,3,DIAMOND",3.788010,9.203076,4,3,175,121,0,0,0,0,0,1
AlphaBeta++__vs__Génétique (éval AB)__seed2020020__Bstart,,B,A,victory,10,"0,2,CIRCLE | 1,1,CIRCLE | 2,1,SQUARE | 3,0,DIAMOND",2.864754,7.875530,5,5,143,189,0,0,0,0,0,1
AlphaBeta++__vs__Génétique (éval AB)__seed3030019__Astart,,A,A,victory,9,"1,1,CIRCLE | 2,2,SQUARE | 0,3,SQUARE | 2,0,CIRCLE",3.806206,11.596550,5,4,196,132,0,0,0,0,0,1
AlphaBeta++__vs__Génétique (éval AB)__seed3030020__Bstart,,B,B,victory,9,"3,3,DIAMOND | 1,1,CIRCLE | 1,2,TRIANGLE | 0,1,DIAMOND",2.761565,4.788989,4,5,138,192,0,0,0,0,1,0
AlphaBeta++__vs__Génétique (éval AB)__seed4040019__Astart,,A,A,victory,7,"1,1,CIRCLE | 2,2,SQUARE | 0,3,SQUARE | 2,0,CIRCLE",3.687432,11.633243,4,3,176,117,0,0,0,0,0,1
AlphaBeta++__vs__Génétique (éval AB)__seed4040020__Bstart,,B,B,victory,9,"0,0,TRIANGLE | 2,2,CIRCLE | 1,3,CIRCLE | 0,2,SQUARE",2.648618,5.474785,4,5,134,200,0,0,0,0,1,0
AlphaBeta++__vs__Génétique (éval AB)__seed5050019__Astart,,A,B,victory,12,"1,1,CIRCLE | 2,2,CIRCLE | 0,2,SQUARE | 3,1,SQUARE",3.954943,12.894450,6,6,191,158,0,0,0,0,1,0
AlphaBeta++__vs__Génétique (éval AB)__seed5050020__Bstart,,B,A,victory,10,"3,3,CIRCLE | 1,1,CIRCLE | 1,2,SQUARE | 3,0,SQUARE",2.790980,7.588945,5,5,153,185,0,0,0,0,0,1
AlphaBeta++__vs__Génétique (éval AB)__seed6060019__Astart,,A,B,victory,14,"1,1,CIRCLE | 2,1,SQUARE | 0,3,SQUARE | 3,3,CIRCLE",3.969163,11.620074,7,7,193,160,1,1,0,0,1,0
AlphaBeta++__vs__Génétique (éval AB)__seed6060020__Bstart,,B,A,victory,12,"3,2,CIRCLE | 1,1,CIRCLE | 2,1,SQUARE | 0,2,SQUARE",2.859457,9.174559,6,6,157,192,0,0,0,0,0,1
AlphaBeta++__vs__Génétique (éval AB)__seed7070019__Astart,,A,A,victory,7,"1,1,CIRCLE | 1,2,DIAMOND | 0,3,SQUARE | 3,0,TRIANGLE",3.782618,8.810530,4,3,175,121,0,0,0,0,0,1
AlphaBeta++__vs__Génétique (éval AB)__seed7070020__Bstart,,B,B,victory,9,"2,3,SQUARE | 1,1,CIRCLE | 1,2,TRIANGLE | 3,0,DIAMOND",2.780243,6.586682,4,5,132,179,0,0,0,0,1,0
AlphaBeta++__vs__Génétique (éval AB)__seed8080019__Astart,,A,A,victory,9,"1,1,CIRCLE | 2,2,SQUARE | 0,3,SQUARE | 3,0,CIRCLE",3.878531,12.206827,5,4,192,132,0,0,0,0,0,1
AlphaBeta++__vs__Génétique (éval AB)__seed8080020__Bstart,,B,B,victory,9,"0,1,SQUARE | 2,2,TRIANGLE | 3,0,TRIANGLE | 2,0,DIAMOND",2.723627,5.253629,4,5,132,191,0,0,0,0,1,0
AlphaBeta++__vs__Génétique (éval AB)__seed9090019__Astart,,A,B,victory,14,"1,1,CIRCLE | 2,1,SQUARE | 0,3,SQUARE | 3,3,CIRCLE",3.958872,12.332661,7,7,193,160,1,1,0,0,1,0
AlphaBeta++__vs__Génétique (éval AB)__seed9090020__Bstart,,B,B,victory,9,"0,1,SQUARE | 2,2,TRIANGLE | 1,2,CIRCLE | 2,3,SQUARE",2.818576,6.080128,4,5,135,195,0,0,0,0,1,0
AlphaBeta++__vs__Génétique (éval AB)__seed1120019__Astart,,A,A,victory,7,"1,1,CIRCLE | 2,2,DIAMOND | 0,2,SQUARE | 3,0,TRIANGLE",3.239625,11.099496,4,3,174,118,0,0,0,0,0,1
AlphaBeta++__vs__Génétique (éval AB)__seed1120020__Bstart,,B,B,victory,9,"3,1,DIAMOND | 1,2,CIRCLE | 2,2,TRIANGLE | 1,3,SQUARE",2.766523,5.360218,4,5,130,196,0,0,0,0,1,0
AlphaBeta++__vs__Génétique (éval AB)__seed2130019__Astart,,A,A,victory,7,"1,1,CIRCLE | 2,2,TRIANGLE | 0,2,SQUARE | 3,0,SQUARE",3.785426,10.770371,4,3,177,120,0,0,0,0,0,1
AlphaBeta++__vs__Génétique (éval AB)__seed2130020__Bstart,,B,B,victory,9,"0,3,CIRCLE | 2,1,SQUARE | 2,2,TRIANGLE | 1,2,DIAMOND",2.717141,6.307619,4,5,135,199,0,0,0,0,1,0
AlphaBeta++__vs__Génétique (éval AB)__seed3140019__Astart,,A,A,victory,9,"1,1,CIRCLE | 1,2,SQUARE | 3,0,SQUARE | 3,3,CIRCLE",3.862013,11.126368,5,4,195,140,0,0,0,0,0,1
AlphaBeta++__vs__Génétique (éval AB)__seed3140020__Bstart,,B,B,victory,7,"2,2,TRIANGLE | 1,1,CIRCLE | 3,0,DIAMOND | 0,1,TRIANGLE",2.570193,6.609846,3,4,118,178,0,0,0,0,1,0
AlphaBeta++__vs__Génétique (éval AB)__seed4150019__Astart,,A,B,victory,10,"1,1,CIRCLE | 1,2,DIAMOND | 0,3,SQUARE | 0,0,TRIANGLE",3.837697,10.558052,5,5,175,139,0,0,0,0,1,0
AlphaBeta++__vs__Génétique (éval AB)__seed4150020__Bstart,,B,A,victory,10,"0,2,DIAMOND | 1,1,CIRCLE | 2,1,TRIANGLE | 3,0,DIAMOND",2.787267,6.185925,5,5,149,186,0,0,0,0,0,1
AlphaBeta++__vs__Génétique (éval AB)__seed5160019__Astart,,A,A,victory,7,"1,1,CIRCLE | 1,2,TRIANGLE | 0,3,SQUARE | 3,0,DIAMOND",3.789353,9.906229,4,3,177,121,0,0,0,0,0,1
AlphaBeta++__vs__Génétique (éval AB)__seed5160020__Bstart,,B,B,victory,9,"2,2,TRIANGLE | 1,1,CIRCLE | 0,3,CIRCLE | 3,0,TRIANGLE",2.785849,8.113537,4,5,137,186,0,0,0,0,1,0
AlphaBeta++__vs__Génétique (éval AB)__seed6170019__Astart,,A,A,victory,9,"1,1,CIRCLE | 1,2,DIAMOND | 0,3,SQUARE | 0,1,TRIANGLE",3.880557,10.616875,5,4,197,138,0,0,0,0,0,1
AlphaBeta++__vs__Génétique (éval AB)__seed6170020__Bstart,,B,B,victory,13,"2,1,SQUARE | 1,2,CIRCLE | 1,0,DIAMOND | 0,3,SQUARE",2.774818,7.970004,6,7,137,205,0,0,0,0,1,0
AlphaBeta++__vs__Génétique (éval AB)__seed7180019__Astart,,A,B,victory,12,"1,1,CIRCLE | 2,2,CIRCLE | 0,2,SQUARE | 3,1,SQUARE",3.945897,12.548605,6,6,191,158,0,0,0,0,1,0
AlphaBeta++__vs__Génétique (éval AB)__seed7180020__Bstart,,B,B,victory,13,"3,0,TRIANGLE | 1,2,CIRCLE | 2,2,DIAMOND | 0,3,TRIANGLE",2.820245,5.738993,6,7,143,213,0,0,0,0,1,0
AlphaBeta++__vs__Génétique (éval AB)__seed8190019__Astart,,A,A,victory,7,"1,1,CIRCLE | 2,2,CIRCLE | 0,2,SQUARE | 3,1,DIAMOND",3.262307,11.461686,4,3,177,121,0,0,0,0,0,1
AlphaBeta++__vs__Génétique (éval AB)__seed8190020__Bstart,,B,B,victory,11,"2,2,TRIANGLE | 1,1,CIRCLE | 1,3,SQUARE | 0,1,SQUARE",2.910577,6.944678,5,6,146,205,0,0,0,0,1,0
AlphaBeta++__vs__Génétique (éval AB)__seed9200019__Astart,,A,A,victory,7,"1,1,CIRCLE | 2,1,TRIANGLE | 3,0,SQUARE | 0,2,DIAMOND",3.791654,9.546482,4,3,178,121,0,0,0,0,0,1
AlphaBeta++__vs__Génétique (éval AB)__seed9200020__Bstart,,B,B,victory,9,"2,2,SQUARE | 1,1,CIRCLE | 3,0,TRIANGLE | 0,3,TRIANGLE",2.737804,7.755748,4,5,137,178,0,0,0,0,1,0
AlphaBeta++__vs__Génétique (éval AB)__seed1010021__Astart,,A,A,victory,7,"1,1,CIRCLE | 2,1,DIAMOND | 3,0,SQUARE | 0,3,TRIANGLE",3.763873,8.756783,4,3,175,121,0,0,0,0,0,1
AlphaBeta++__vs__Génétique (éval AB)__seed1010022__Bstart,,B,B,victory,13,"0,3,CIRCLE | 2,1,SQUARE | 2,2,TRIANGLE | 1,2,DIAMOND",2.837361,6.147612,6,7,145,199,0,0,0,0,1,0
AlphaBeta++__vs__Génétique (éval AB)__seed2020021__Astart,,A,A,victory,7,"1,1,CIRCLE | 1,2,TRIANGLE | 0,3,SQUARE | 3,0,DIAMOND",3.785305,9.301161,4,3,175,121,0,0,0,0,0,1
AlphaBeta++__vs__Génétique (éval AB)__seed2020022__Bstart,,B,B,victory,11,"0,3,CIRCLE | 2,1,SQUARE | 2,2,TRIANGLE | 1,2,DIAMOND",2.870318,6.798873,5,6,153,198,0,0,0,0,1,0
AlphaBeta++__vs__Génétique (éval AB)__seed3030021__Astart,,A,A,victory,7,"1,1,CIRCLE | 1,2,TRIANGLE | 0,3,SQUARE | 3,0,DIAMOND",3.787543,9.969519,4,3,176,121,0,0,0,0,0,1
AlphaBeta++__vs__Génétique (éval AB)__seed3030022__Bstart,,B,A,victory,12,"1,0,CIRCLE | 2,1,CIRCLE | 1,1,TRIANGLE | 0,2,SQUARE",2.750020,8.040738,6,6,164,186,0,0,0,0,0,1
AlphaBeta++__vs__Génétique (éval AB)__seed4040021__Astart,,A,A,victory,7,"1,1,CIRCLE | 1,2,TRIANGLE | 0,3,SQUARE | 3,0,DIAMOND",3.786564,9.891937,4,3,175,121,0,0,0,0,0,1
AlphaBeta++__vs__Génétique (éval AB)__seed4040022__Bstart,,B,B,victory,9,"1,3,TRIANGLE | 2,1,CIRCLE | 2,2,DIAMOND | 0,2,SQUARE",2.774149,5.991034,4,5,136,192,0,0,0,0,1,0
AlphaBeta++__vs__Génétique (éval AB)__seed5050021__Astart,,A,A,victory,9,"1,1,CIRCLE | 2,2,SQUARE | 0,3,SQUARE | 2,0,CIRCLE",3.806748,11.529991,5,4,196,132,0,0,0,0,0,1
AlphaBeta++__vs__Génétique (éval AB)__seed5050022__Bstart,,B,B,victory,9,"2,2,SQUARE | 1,1,CIRCLE | 0,3,DIAMOND | 3,2,TRIANGLE",2.736002,7.597777,4,5,138,185,0,0,0,0,1,0
AlphaBeta++__vs__Génétique (éval AB)__seed6060021__Astart,,A,A,victory,7,"1,1,CIRCLE | 2,2,SQUARE | 0,3,SQUARE | 2,0,CIRCLE",3.681951,11.604108,4,3,176,117,0,0,0,0,0,1
AlphaBeta++__vs__Génétique (éval AB)__seed6060022__Bstart,,B,A,victory,10,"2,0,SQUARE | 1,1,CIRCLE | 1,2,DIAMOND | 0,3,SQUARE",2.787828,7.034258,5,5,150,186,0,0,0,0,0,1
AlphaBeta++__vs__Génétique (éval AB)__seed7070021__Astart,,A,A,victory,9,"1,1,CIRCLE | 2,2,SQUARE | 0,3,SQUARE | 3,0,TRIANGLE",3.903916,11.755039,5,4,192,131,0,0,0,0,0,1
AlphaBeta++__vs__Génétique (éval AB)__seed7070022__Bstart,,B,B,victory,9,"0,3,DIAMOND | 2,1,CIRCLE | 1,1,TRIANGLE | 2,0,DIAMOND",2.793693,5.410959,4,5,138,192,0,0,0,0,1,0
AlphaBeta++__vs__Génétique (éval AB)__seed8080021__Astart,,A,A,victory,9,"1,1,CIRCLE | 2,2,DIAMOND | 0,2,SQUARE | 3,0,TRIANGLE",3.368113,10.551613,5,4,189,131,0,0,0,0,0,1
AlphaBeta++__vs__Génétique (éval AB)__seed8080022__Bstart,,B,B,victory,11,"1,1,CIRCLE | 2,2,CIRCLE | 0,3,SQUARE | 0,1,DIAMOND",2.785692,7.558356,5,6,144,195,0,0,0,0,1,0
AlphaBeta++__vs__Génétique (éval AB)__seed9090021__Astart,,A,A,victory,9,"1,1,CIRCLE | 2,2,SQUARE | 0,3,SQUARE | 3,0,DIAMOND",3.861495,10.894019,5,4,187,136,0,0,0,0,0,1
AlphaBeta++__vs__Génétique (éval AB)__seed9090022__Bstart,,B,A,victory,8,"2,1,TRIANGLE | 1,2,CIRCLE | 0,2,DIAMOND | 3,3,SQUARE",2.713959,6.029420,4,4,138,174,0,0,0,0,0,1
AlphaBeta++__vs__Génétique (éval AB)__seed1120021__Astart,,A,B,victory,10,"1,1,CIRCLE | 2,1,TRIANGLE | 3,0,SQUARE | 0,0,DIAMOND",3.890043,10.677724,5,5,177,161,0,0,0,0,1,0
AlphaBeta++__vs__Génétique (éval AB)__seed1120022__Bstart,,B,A,victory,10,"1,0,DIAMOND | 2,1,CIRCLE | 2,2,TRIANGLE | 3,3,DIAMOND",2.783736,5.864270,5,5,149,186,0,0,0,0,0,1
AlphaBeta++__vs__Génétique (éval AB)__seed2130021__Astart,,A,B,victory,12,"1,1,CIRCLE | 2,2,CIRCLE | 0,2,SQUARE | 3,1,SQUARE",3.946687,12.801687,6,6,191,158,0,0,0,0,1,0
AlphaBeta++__vs__Génétique (éval AB)__seed2130022__Bstart,,B,B,victory,11,"1,2,DIAMOND | 2,1,CIRCLE | 0,1,TRIANGLE | 2,0,SQUARE",2.765176,6.116847,5,6,137,203,0,0,0,0,1,0
AlphaBeta++__vs__Génétique (éval AB)__seed3140021__Astart,,A,B,no_move,12,"1,1,CIRCLE | 1,2,SQUARE | 3,0,SQUARE | 3,3,CIRCLE",3.972452,11.717183,6,6,193,158,0,0,0,0,0,0
AlphaBeta++__vs__Génétique (éval AB)__seed3140022__Bstart,,B,B,victory,9,"2,1,SQUARE | 1,2,CIRCLE | 0,0,DIAMOND | 1,3,TRIANGLE",2.826259,7.608008,4,5,136,182,0,0,0,0,1,0
AlphaBeta++__vs__Génétique (éval AB)__seed4150021__Astart,,A,A,victory,7,"1,1,CIRCLE | 1,2,TRIANGLE | 0,3,SQUARE | 3,0,DIAMOND",3.790216,9.796037,4,3,175,121,0,0,0,0,0,1
AlphaBeta++__vs__Génétique (éval AB)__seed4150022__Bstart,,B,B,victory,9,"3,1,DIAMOND | 1,2,CIRCLE | 2,2,SQUARE | 1,3,TRIANGLE",2.736955,5.056079,4,5,134,188,0,0,0,0,1,0
AlphaBeta++__vs__Génétique (éval AB)__seed5160021__Astart,,A,A,victory,7,"1,1,CIRCLE | 2,1,TRIANGLE | 3,0,SQUARE | 0,3,DIAMOND",3.786320,10.103860,4,3,176,121,0,0,0,0,0,1
AlphaBeta++__vs__Génétique (éval AB)__seed5160022__Bstart,,B,A,victory,8,"0,1,DIAMOND | 1,2,CIRCLE | 2,2,SQUARE | 3,3,DIAMOND",2.700961,6.249686,4,4,140,173,0,0,0,0,0,1
AlphaBeta++__vs__Génétique (éval AB)__seed6170021__Astart,,A,B,victory,14,"1,1,CIRCLE | 2,1,SQUARE | 0,3,SQUARE | 3,3,CIRCLE",3.963891,11.410623,7,7,193,160,1,1,0,0,1,0
AlphaBeta++__vs__Génétique (éval AB)__seed6170022__Bstart,,B,B,victory,11,"3,0,DIAMOND | 1,2,CIRCLE | 1,1,TRIANGLE | 0,2,DIAMOND",2.767008,5.633070,5,6,137,206,0,0,0,0,1,0
AlphaBeta++__vs__Génétique (éval AB)__seed7180021__Astart,,A,A,victory,7,"1,1,CIRCLE | 1,2,TRIANGLE | 0,3,SQUARE | 2,0,DIAMOND",3.786111,8.947101,4,3,179,121,0,0,0,0,0,1
AlphaBeta++__vs__Génétique (éval AB)__seed7180022__Bstart,,B,B,victory,9,"0,0,DIAMOND | 2,2,CIRCLE | 2,1,SQUARE | 1,1,TRIANGLE",2.816461,5.323657,4,5,143,196,0,0,0,0,1,0
AlphaBeta++__vs__Génétique (éval AB)__seed8190021__Astart,,A,A,victory,7,"1,1,CIRCLE | 2,1,DIAMOND | 3,0,SQUARE | 0,3,TRIANGLE",3.754563,9.263209,4,3,177,121,0,0,0,0,0,1
AlphaBeta++__vs__Génétique (éval AB)__seed8190022__Bstart,,B,A,victory,10,"0,2,SQUARE | 1,1,CIRCLE | 2,1,DIAMOND | 3,0,SQUARE",2.802160,7.123627,5,5,150,186,0,0,0,0,0,1
AlphaBeta++__vs__Génétique (éval AB)__seed9200021__Astart,,A,A,victory,13,"1,1,CIRCLE | 2,2,CIRCLE | 0,2,SQUARE | 2,1,SQUARE",3.952989,12.444819,7,6,199,154,0,0,0,0,0,1
AlphaBeta++__vs__Génétique (éval AB)__seed9200022__Bstart,,B,A,victory,8,"1,2,SQUARE | 2,1,CIRCLE | 2,0,TRIANGLE | 3,3,DIAMOND",2.787729,6.841238,4,4,140,174,0,0,0,0,0,1
AlphaBeta++__vs__Génétique (éval AB)__seed1010023__Astart,,A,A,victory,7,"1,1,CIRCLE | 2,2,SQUARE | 0,3,SQUARE | 2,0,CIRCLE",3.692632,11.527716,4,3,176,117,0,0,0,0,0,1
AlphaBeta++__vs__Génétique (éval AB)__seed1010024__Bstart,,B,B,victory,13,"1,1,CIRCLE | 2,2,CIRCLE | 0,3,TRIANGLE | 0,2,DIAMOND",2.818992,7.735505,6,7,145,194,0,0,0,0,1,0
AlphaBeta++__vs__Génétique (éval AB)__seed2020023__Astart,,A,A,victory,9,"1,1,CIRCLE | 2,1,TRIANGLE | 3,0,SQUARE | 1,0,DIAMOND",3.884329,10.696857,5,4,197,138,0,0,0,0,0,1
AlphaBeta++__vs__Génétique (éval AB)__seed2020024__Bstart,,B,B,victory,9,"1,2,CIRCLE | 2,1,CIRCLE | 0,0,DIAMOND | 3,3,DIAMOND",2.759134,7.609297,4,5,134,193,0,0,0,0,1,0
AlphaBeta++__vs__Génétique (éval AB)__seed3030023__Astart,,A,A,victory,9,"1,1,CIRCLE | 2,2,TRIANGLE | 0,2,SQUARE | 3,0,DIAMOND",3.525380,11.213949,5,4,183,140,0,0,0,0,0,1
AlphaBeta++__vs__Génétique (éval AB)__seed3030024__Bstart,,B,A,victory,8,"2,0,DIAMOND | 1,1,CIRCLE | 0,3,CIRCLE | 2,3,SQUARE",2.718565,5.781294,4,4,137,174,0,0,0,0,0,1
AlphaBeta++__vs__Génétique (éval AB)__seed4040023__Astart,,A,B,victory,10,"1,1,CIRCLE | 2,1,DIAMOND | 3,0,SQUARE | 0,0,TRIANGLE",3.861885,10.067025,5,5,178,156,0,0,0,0,1,0
AlphaBeta++__vs__Génétique (éval AB)__seed4040024__Bstart,,B,A,victory,10,"3,2,CIRCLE | 1,1,CIRCLE | 2,1,SQUARE | 0,2,SQUARE",2.828179,9.015537,5,5,153,186,0,0,0,0,0,1
AlphaBeta++__vs__Génétique (éval AB)__seed5050023__Astart,,A,B,victory,14,"1,1,CIRCLE | 2,1,SQUARE | 0,3,SQUARE | 3,3,CIRCLE",3.969851,11.475623,7,7,193,160,1,1,0,0,1,0
AlphaBeta++__vs__Génétique (éval AB)__seed5050024__Bstart,,B,A,victory,10,"3,2,CIRCLE | 1,1,CIRCLE | 2,1,TRIANGLE | 0,2,TRIANGLE",2.832449,8.821227,5,5,148,185,0,0,0,0,0,1
AlphaBeta++__vs__Génétique (éval AB)__seed6060023__Astart,,A,B,victory,14,"1,1,CIRCLE | 2,1,SQUARE | 0,3,SQUARE | 3,3,CIRCLE",3.971535,11.826270,7,7,193,160,1,1,0,0,1,0
AlphaBeta++__vs__Génétique (éval AB)__seed6060024__Bstart,,B,B,victory,9,"2,3,TRIANGLE | 1,1,CIRCLE | 1,2,DIAMOND | 3,2,SQUARE",2.836909,6.143780,4,5,137,187,0,0,0,0,1,0
AlphaBeta++__vs__Génétique (éval AB)__seed7070023__Astart,,A,A,victory,9,"1,1,CIRCLE | 2,1,TRIANGLE | 3,0,SQUARE | 1,0,DIAMOND",3.880141,10.928829,5,4,197,138,0,0,0,0,0,1
AlphaBeta++__vs__Génétique (éval AB)__seed7070024__Bstart,,B,A,victory,10,"1,3,CIRCLE | 2,1,CIRCLE | 2,2,DIAMOND | 1,0,DIAMOND",2.808674,7.850794,5,5,155,185,0,0,0,0,0,1
AlphaBeta++__vs__Génétique (éval AB)__seed8080023__Astart,,A,A,victory,9,"1,1,CIRCLE | 2,2,TRIANGLE | 0,2,SQUARE | 3,0,DIAMOND",3.576289,11.422846,5,4,183,134,0,0,0,0,0,1
AlphaBeta++__vs__Génétique (éval AB)__seed8080024__Bstart,,B,B,victory,9,"0,3,CIRCLE | 2,1,SQUARE | 2,2,TRIANGLE | 1,2,DIAMOND",2.829317,6.249498,4,5,139,196,0,0,0,0,1,0
AlphaBeta++__vs__Génétique (éval AB)__seed9090023__Astart,,A,A,victory,7,"1,1,CIRCLE | 1,2,DIAMOND | 0,3,SQUARE | 2,0,TRIANGLE",3.783874,9.308777,4,3,177,121,0,0,0,0,0,1
AlphaBeta++__vs__Génétique (éval AB)__seed9090024__Bstart,,B,B,victory,11,"1,0,TRIANGLE | 2,1,CIRCLE | 0,3,CIRCLE | 3,3,TRIANGLE",2.898161,6.702311,5,6,152,190,0,0,0,0,1,0
AlphaBeta++__vs__Génétique (éval AB)__seed1120023__Astart,,A,A,victory,7,"1,1,CIRCLE | 2,2,DIAMOND | 0,2,SQUARE | 3,0,SQUARE",3.781955,10.140128,4,3,175,120,0,0,0,0,0,1
AlphaBeta++__vs__Génétique (éval AB)__seed1120024__Bstart,,B,A,victory,8,"2,0,DIAMOND | 1,1,CIRCLE | 1,2,SQUARE | 0,3,DIAMOND",2.704018,6.125715,4,4,140,173,0,0,0,0,0,1
AlphaBeta++__vs__Génétique (éval AB)__seed2130023__Astart,,A,B,victory,14,"1,1,CIRCLE | 2,1,SQUARE | 0,3,SQUARE | 3,3,CIRCLE",3.955202,11.150772,7,7,193,160,1,1,0,0,1,0
AlphaBeta++__vs__Génétique (éval AB)__seed2130024__Bstart,,B,A,victory,10,"2,1,CIRCLE | 1,2,CIRCLE | 1,0,TRIANGLE | 2,3,TRIANGLE",2.777268,8.847110,5,5,151,185,0,0,0,0,0,1
AlphaBeta++__vs__Génétique (éval AB)__seed3140023__Astart,,A,A,victory,7,"1,1,CIRCLE | 2,1,DIAMOND | 3,0,SQUARE | 0,3,TRIANGLE",3.768517,9.514304,4,3,175,121,0,0,0,0,0,1
AlphaBeta++__vs__Génétique (éval AB)__seed3140024__Bstart,,B,B,victory,9,"2,2,CIRCLE | 1,1,CIRCLE | 3,0,DIAMOND | 0,2,DIAMOND",2.810146,8.058957,4,5,138,185,0,0,0,0,1,0
AlphaBeta++__vs__Génétique (éval AB)__seed4150023__Astart,,A,A,victory,7,"1,1,CIRCLE | 1,2,TRIANGLE | 0,3,SQUARE | 2,0,DIAMOND",3.787304,9.533708,4,3,179,121,0,0,0,0,0,1
AlphaBeta++__vs__Génétique (éval AB)__seed4150024__Bstart,,B,B,victory,11,"2,0,SQUARE | 1,1,CIRCLE | 3,2,DIAMOND | 3,3,SQUARE",2.842566,6.115764,5,6,144,189,0,0,0,0,1,0
AlphaBeta++__vs__Génétique (éval AB)__seed5160023__Astart,,A,A,victory,7,"1,1,CIRCLE | 1,2,DIAMOND | 0,3,SQUARE | 2,0,TRIANGLE",3.787982,9.026252,4,3,177,121,0,0,0,0,0,1
AlphaBeta++__vs__Génétique (éval AB)__seed5160024__Bstart,,B,B,victory,9,"3,0,SQUARE | 1,2,CIRCLE | 2,2,TRIANGLE | 1,0,DIAMOND",2.716289,6.219426,4,5,140,196,0,0,0,0,1,0
AlphaBeta++__vs__Génétique (éval AB)__seed6170023__Astart,,A,B,no_move,12,"1,1,CIRCLE | 1,2,SQUARE | 3,0,SQUARE | 3,3,CIRCLE",3.970896,11.595890,6,6,193,158,0,0,0,0,0,0
AlphaBeta++__vs__Génétique (éval AB)__seed6170024__Bstart,,B,A,victory,10,"1,1,CIRCLE | 2,2,CIRCLE | 2,3,TRIANGLE | 3,0,SQUARE",2.770579,8.270570,5,5,149,186,0,0,0,0,0,1
AlphaBeta++__vs__Génétique (éval AB)__seed7180023__Astart,,A,A,victory,7,"1,1,CIRCLE | 2,2,DIAMOND | 0,2,SQUARE | 3,0,SQUARE",3.786549,10.292378,4,3,177,120,0,0,0,0,0,1
AlphaBeta++__vs__Génétique (éval AB)__seed7180024__Bstart,,B,B,victory,9,"1,0,SQUARE | 2,2,TRIANGLE | 2,1,CIRCLE | 3,2,DIAMOND",2.691870,5.420415,4,5,139,192,0,0,0,0,1,0
AlphaBeta++__vs__Génétique (éval AB)__seed8190023__Astart,,A,A,victory,13,"1,1,CIRCLE | 2,1,SQUARE | 0,3,SQUARE | 2,3,CIRCLE",3.942528,11.308955,7,6,200,154,0,0,0,0,0,1
AlphaBeta++__vs__Génétique (éval AB)__seed8190024__Bstart,,B,B,victory,11,"0,3,SQUARE | 2,1,CIRCLE | 2,2,TRIANGLE | 3,1,DIAMOND",2.788762,6.067543,5,6,129,193,1,0,0,0,1,0
AlphaBeta++__vs__Génétique (éval AB)__seed9200023__Astart,,A,A,victory,7,"1,1,CIRCLE | 1,2,DIAMOND | 0,3,SQUARE | 2,0,TRIANGLE",3.788946,9.059764,4,3,179,121,0,0,0,0,0,1
AlphaBeta++__vs__Génétique (éval AB)__seed9200024__Bstart,,B,B,victory,9,"1,2,CIRCLE | 2,1,CIRCLE | 0,0,SQUARE | 0,3,TRIANGLE",2.762734,7.716118,4,5,137,189,0,0,0,0,1,0
