game_uid,ply,player,r,c,shape,time_sec,legal_count,had_immediate_win,chose_immediate_win,gave_opp_immediate_win,is_center,note
Génétique (éval AB)__vs__Génétique (éval AB)+__seed1010001__Astart,0,A,3,3,SQUARE,0.000027,64,0,0,0,0,ok
Génétique (éval AB)__vs__Génétique (éval AB)+__seed1010001__Astart,1,B,2,2,CIRCLE,1.266619,53,0,0,0,1,ok
Génétique (éval AB)__vs__Génétique (éval AB)+__seed1010001__Astart,2,A,1,1,DIAMOND,4.253808,50,0,0,0,1,ok
Génétique (éval AB)__vs__Génétique (éval AB)+__seed1010001__Astart,3,B,1,3,TRIANGLE,1.232458,39,0,0,0,0,ok
Génétique (éval AB)__vs__Génétique (éval AB)+__seed1010001__Astart,4,A,3,0,CIRCLE,1.132434,37,0,0,0,0,ok
Génétique (éval AB)__vs__Génétique (éval AB)+__seed1010001__Astart,5,B,0,3,DIAMOND,0.919440,28,0,0,0,0,ok
Génétique (éval AB)__vs__Génétique (éval AB)+__seed1010001__Astart,6,A,1,2,SQUARE,0.008232,25,0,0,1,1,ok
Génétique (éval AB)__vs__Génétique (éval AB)+__seed1010001__Astart,7,B,0,2,CIRCLE,0.000022,20,1,1,0,0,ok
Génétique (éval AB)__vs__Génétique (éval AB)+__seed1010002__Bstart,0,B,1,0,TRIANGLE,0.000027,64,0,0,0,0,ok
Génétique (éval AB)__vs__Génétique (éval AB)+__seed1010002__Bstart,1,A,1,2,DIAMOND,5.656569,53,0,0,0,1,ok
Génétique (éval AB)__vs__Génétique (éval AB)+__seed1010002__Bstart,2,B,2,2,SQUARE,1.232504,50,0,0,0,1,ok
Génétique (éval AB)__vs__Génétique (éval AB)+__seed1010002__Bstart,3,A,3,3,CIRCLE,1.070973,40,0,0,0,0,ok
Génétique (éval AB)__vs__Génétique (éval AB)+__seed1010002__Bstart,4,B,3,1,DIAMOND,1.230670,37,0,0,0,0,ok
Génétique (éval AB)__vs__Génétique (éval AB)+__seed1010002__Bstart,5,A,1,1,SQUARE,1.031952,27,0,0,0,1,ok
Génétique (éval AB)__vs__Génétique (éval AB)+__seed1010002__Bstart,6,B,2,1,DIAMOND,0.012362,27,0,0,1,1,ok
Génétique (éval AB)__vs__Génétique (éval AB)+__seed1010002__Bstart,7,A,1,3,CIRCLE,0.000023,22,1,1,0,0,ok
Génétique (éval AB)__vs__Génétique (éval AB)+__seed2020001__Astart,0,A,1,2,TRIANGLE,0.000026,64,0,0,0,1,ok
Génétique (éval AB)__vs__Génétique (éval AB)+__seed2020001__Astart,1,B,2,2,SQUARE,1.239255,53,0,0,0,1,ok
Génétique (éval AB)__vs__Génétique (éval AB)+__seed2020001__Astart,2,A,2,1,DIAMOND,3.904196,50,0,0,0,1,ok
Génétique (éval AB)__vs__Génétique (éval AB)+__seed2020001__Astart,3,B,0,3,CIRCLE,1.232511,40,0,0,0,0,ok
Génétique (éval AB)__vs__Génétique (éval AB)+__seed2020001__Astart,4,A,1,0,SQUARE,1.623083,37,0,0,0,0,ok
Génétique (éval AB)__vs__Génétique (éval AB)+__seed2020001__Astart,5,B,3,2,DIAMOND,1.147266,28,0,0,0,0,ok
Génétique (éval AB)__vs__Génétique (éval AB)+__seed2020001__Astart,6,A,1,1,DIAMOND,0.007698,25,0,0,1,1,ok
Génétique (éval AB)__vs__Génétique (éval AB)+__seed2020001__Astart,7,B,0,2,CIRCLE,0.000021,22,1,1,0,0,ok
Génétique (éval AB)__vs__Génétique (éval AB)+__seed2020002__Bstart,0,B,0,2,CIRCLE,0.000026,64,0,0,0,0,ok
Génétique (éval AB)__vs__Génétique (éval AB)+__seed2020002__Bstart,1,A,2,1,CIRCLE,7.480790,53,0,0,0,1,ok
Génétique (éval AB)__vs__Génétique (éval AB)+__seed2020002__Bstart,2,B,1,1,DIAMOND,1.236735,49,0,0,0,1,ok
Génétique (éval AB)__vs__Génétique (éval AB)+__seed2020002__Bstart,3,A,3,2,DIAMOND,2.598300,39,0,0,0,0,ok
Génétique (éval AB)__vs__Génétique (éval AB)+__seed2020002__Bstart,4,B,3,0,SQUARE,1.231542,36,0,0,0,0,ok
Génétique (éval AB)__vs__Génétique (éval AB)+__seed2020002__Bstart,5,A,3,3,TRIANGLE,0.972853,27,0,0,0,0,ok
Génétique (éval AB)__vs__Génétique (éval AB)+__seed2020002__Bstart,6,B,1,2,SQUARE,0.004263,26,0,0,1,1,ok
Génétique (éval AB)__vs__Génétique (éval AB)+__seed2020002__Bstart,7,A,3,1,CIRCLE,0.000021,19,1,1,0,0,ok
Génétique (éval AB)__vs__Génétique (éval AB)+__seed3030001__Astart,0,A,1,0,DIAMOND,0.000026,64,0,0,0,0,ok
Génétique (éval AB)__vs__Génétique (éval AB)+__seed3030001__Astart,1,B,1,1,TRIANGLE,1.245107,53,0,0,0,1,ok
Génétique (éval AB)__vs__Génétique (éval AB)+__seed3030001__Astart,2,A,2,2,TRIANGLE,2.105965,50,0,0,0,1,ok
Génétique (éval AB)__vs__Génétique (éval AB)+__seed3030001__Astart,3,B,2,0,SQUARE,1.232968,39,0,0,0,0,ok
Génétique (éval AB)__vs__Génétique (éval AB)+__seed3030001__Astart,4,A,3,2,CIRCLE,1.192992,37,0,0,0,0,ok
Génétique (éval AB)__vs__Génétique (éval AB)+__seed3030001__Astart,5,B,0,1,CIRCLE,0.798185,28,0,0,0,0,ok
Génétique (éval AB)__vs__Génétique (éval AB)+__seed3030001__Astart,6,A,2,1,DIAMOND,0.011368,25,0,0,1,1,ok
Génétique (éval AB)__vs__Génétique (éval AB)+__seed3030001__Astart,7,B,0,0,SQUARE,0.000022,20,1,1,0,0,ok
Génétique (éval AB)__vs__Génétique (éval AB)+__seed3030002__Bstart,0,B,3,1,TRIANGLE,0.000026,64,0,0,0,0,ok
Génétique (éval AB)__vs__Génétique (éval AB)+__seed3030002__Bstart,1,A,2,2,CIRCLE,5.860350,53,0,0,0,1,ok
Génétique (éval AB)__vs__Génétique (éval AB)+__seed3030002__Bstart,2,B,2,1,SQUARE,1.267532,49,0,0,0,1,ok
Génétique (éval AB)__vs__Génétique (éval AB)+__seed3030002__Bstart,3,A,3,0,DIAMOND,1.642050,41,0,0,0,0,ok
Génétique (éval AB)__vs__Génétique (éval AB)+__seed3030002__Bstart,4,B,1,2,DIAMOND,0.127473,37,0,0,1,1,ok
Génétique (éval AB)__vs__Génétique (éval AB)+__seed3030002__Bstart,5,A,2,0,CIRCLE,0.000031,29,1,1,0,0,ok
Génétique (éval AB)__vs__Génétique (éval AB)+__seed4040001__Astart,0,A,1,3,DIAMOND,0.000026,64,0,0,0,0,ok
Génétique (éval AB)__vs__Génétique (éval AB)+__seed4040001__Astart,1,B,2,1,CIRCLE,1.253540,53,0,0,0,1,ok
Génétique (éval AB)__vs__Génétique (éval AB)+__seed4040001__Astart,2,A,0,0,CIRCLE,4.150984,49,0,0,0,0,ok
Génétique (éval AB)__vs__Génétique (éval AB)+__seed4040001__Astart,3,B,1,2,TRIANGLE,1.233964,38,0,0,0,1,ok
Génétique (éval AB)__vs__Génétique (éval AB)+__seed4040001__Astart,4,A,2,3,SQUARE,1.012686,35,0,0,0,0,ok
Génétique (éval AB)__vs__Génétique (éval AB)+__seed4040001__Astart,5,B,1,1,TRIANGLE,0.607439,27,0,0,0,1,ok
Génétique (éval AB)__vs__Génétique (éval AB)+__seed4040001__Astart,6,A,2,2,DIAMOND,0.138076,28,0,0,0,1,ok
Génétique (éval AB)__vs__Génétique (éval AB)+__seed4040001__Astart,7,B,3,1,CIRCLE,0.004789,11,0,0,1,0,ok
Génétique (éval AB)__vs__Génétique (éval AB)+__seed4040001__Astart,8,A,2,0,TRIANGLE,0.000028,14,1,1,0,0,ok
Génétique (éval AB)__vs__Génétique (éval AB)+__seed4040002__Bstart,0,B,2,2,DIAMOND,0.000026,64,0,0,0,1,ok
Génétique (éval AB)__vs__Génétique (éval AB)+__seed4040002__Bstart,1,A,1,1,SQUARE,5.085774,53,0,0,0,1,ok
Génétique (éval AB)__vs__Génétique (éval AB)+__seed4040002__Bstart,2,B,1,3,TRIANGLE,1.232547,49,0,0,0,0,ok
Génétique (éval AB)__vs__Génétique (éval AB)+__seed4040002__Bstart,3,A,3,0,CIRCLE,1.277557,39,0,0,0,0,ok
Génétique (éval AB)__vs__Génétique (éval AB)+__seed4040002__Bstart,4,B,3,2,SQUARE,1.230524,35,0,0,0,0,ok
Génétique (éval AB)__vs__Génétique (éval AB)+__seed4040002__Bstart,5,A,1,2,CIRCLE,0.519822,27,0,0,1,1,ok
Génétique (éval AB)__vs__Génétique (éval AB)+__seed4040002__Bstart,6,B,0,2,TRIANGLE,0.000034,27,1,1,0,0,ok
Génétique (éval AB)__vs__Génétique (éval AB)+__seed5050001__Astart,0,A,0,1,SQUARE,0.000026,64,0,0,0,0,ok
Génétique (éval AB)__vs__Génétique (éval AB)+__seed5050001__Astart,1,B,2,2,TRIANGLE,1.539412,53,0,0,0,1,ok
Génétique (éval AB)__vs__Génétique (éval AB)+__seed5050001__Astart,2,A,1,3,DIAMOND,4.001055,49,0,0,0,0,ok
Génétique (éval AB)__vs__Génétique (éval AB)+__seed5050001__Astart,3,B,3,0,CIRCLE,1.233341,38,0,0,0,0,ok
Génétique (éval AB)__vs__Génétique (éval AB)+__seed5050001__Astart,4,A,1,2,CIRCLE,1.077379,34,0,0,0,1,ok
Génétique (éval AB)__vs__Génétique (éval AB)+__seed5050001__Astart,5,B,2,1,TRIANGLE,1.010733,26,0,0,0,1,ok
Génétique (éval AB)__vs__Génétique (éval AB)+__seed5050001__Astart,6,A,1,1,SQUARE,0.137142,27,0,0,0,1,ok
Génétique (éval AB)__vs__Génétique (éval AB)+__seed5050001__Astart,7,B,0,0,CIRCLE,0.003903,13,0,0,1,0,ok
Génétique (éval AB)__vs__Génétique (éval AB)+__seed5050001__Astart,8,A,1,0,TRIANGLE,0.000019,11,1,1,0,0,ok
Génétique (éval AB)__vs__Génétique (éval AB)+__seed5050002__Bstart,0,B,2,2,CIRCLE,0.000027,64,0,0,0,1,ok
Génétique (éval AB)__vs__Génétique (éval AB)+__seed5050002__Bstart,1,A,1,1,DIAMOND,6.419957,53,0,0,0,1,ok
Génétique (éval AB)__vs__Génétique (éval AB)+__seed5050002__Bstart,2,B,1,0,SQUARE,1.344820,49,0,0,0,0,ok
Génétique (éval AB)__vs__Génétique (éval AB)+__seed5050002__Bstart,3,A,2,0,TRIANGLE,1.555815,39,0,0,0,0,ok
Génétique (éval AB)__vs__Génétique (éval AB)+__seed5050002__Bstart,4,B,0,3,DIAMOND,1.229802,37,0,0,0,0,ok
Génétique (éval AB)__vs__Génétique (éval AB)+__seed5050002__Bstart,5,A,2,3,SQUARE,0.417720,26,0,0,0,0,ok
Génétique (éval AB)__vs__Génétique (éval AB)+__seed5050002__Bstart,6,B,2,1,CIRCLE,0.062414,26,0,0,0,1,ok
Génétique (éval AB)__vs__Génétique (éval AB)+__seed5050002__Bstart,7,A,1,2,TRIANGLE,0.109070,18,0,0,0,1,ok
Génétique (éval AB)__vs__Génétique (éval AB)+__seed5050002__Bstart,8,B,0,0,SQUARE,0.002456,11,0,0,1,0,ok
Génétique (éval AB)__vs__Génétique (éval AB)+__seed5050002__Bstart,9,A,1,3,CIRCLE,0.000010,7,1,1,0,0,ok
Génétique (éval AB)__vs__Génétique (éval AB)+__seed6060001__Astart,0,A,0,1,TRIANGLE,0.000026,64,0,0,0,0,ok
Génétique (éval AB)__vs__Génétique (éval AB)+__seed6060001__Astart,1,B,2,2,SQUARE,1.364008,53,0,0,0,1,ok
Génétique (éval AB)__vs__Génétique (éval AB)+__seed6060001__Astart,2,A,1,2,CIRCLE,4.430628,49,0,0,0,1,ok
Génétique (éval AB)__vs__Génétique (éval AB)+__seed6060001__Astart,3,B,1,3,TRIANGLE,1.233181,39,0,0,0,0,ok
Génétique (éval AB)__vs__Génétique (éval AB)+__seed6060001__Astart,4,A,0,0,SQUARE,1.226262,36,0,0,0,0,ok
Génétique (éval AB)__vs__Génétique (éval AB)+__seed6060001__Astart,5,B,2,1,DIAMOND,1.225659,27,0,0,0,1,ok
Génétique (éval AB)__vs__Génétique (éval AB)+__seed6060001__Astart,6,A,3,1,CIRCLE,0.310224,24,0,0,0,0,ok
Génétique (éval AB)__vs__Génétique (éval AB)+__seed6060001__Astart,7,B,1,1,DIAMOND,0.002900,18,0,0,1,1,ok
Génétique (éval AB)__vs__Génétique (éval AB)+__seed6060001__Astart,8,A,1,0,SQUARE,0.000013,10,1,1,0,0,ok
Génétique (éval AB)__vs__Génétique (éval AB)+__seed6060002__Bstart,0,B,1,1,DIAMOND,0.000025,64,0,0,0,1,ok
Génétique (éval AB)__vs__Génétique (éval AB)+__seed6060002__Bstart,1,A,2,2,SQUARE,5.794056,53,0,0,0,1,ok
Génétique (éval AB)__vs__Génétique (éval AB)+__seed6060002__Bstart,2,B,3,3,CIRCLE,1.233335,49,0,0,0,0,ok
Génétique (éval AB)__vs__Génétique (éval AB)+__seed6060002__Bstart,3,A,3,1,TRIANGLE,1.753307,39,0,0,0,0,ok
Génétique (éval AB)__vs__Génétique (éval AB)+__seed6060002__Bstart,4,B,1,2,TRIANGLE,1.229910,37,0,0,0,1,ok
Génétique (éval AB)__vs__Génétique (éval AB)+__seed6060002__Bstart,5,A,0,1,CIRCLE,0.803380,29,0,0,0,0,ok
Génétique (éval AB)__vs__Génétique (éval AB)+__seed6060002__Bstart,6,B,2,1,DIAMOND,0.131730,26,0,0,0,1,ok
Génétique (éval AB)__vs__Génétique (éval AB)+__seed6060002__Bstart,7,A,0,2,CIRCLE,0.072408,20,0,0,0,0,ok
Génétique (éval AB)__vs__Génétique (éval AB)+__seed6060002__Bstart,8,B,2,0,CIRCLE,0.004260,13,0,0,1,0,ok
Génétique (éval AB)__vs__Génétique (éval AB)+__seed6060002__Bstart,9,A,3,0,SQUARE,0.000021,12,1,1,0,0,ok
Génétique (éval AB)__vs__Génétique (éval AB)+__seed7070001__Astart,0,A,1,1,TRIANGLE,0.000028,64,0,0,0,1,ok
Génétique (éval AB)__vs__Génétique (éval AB)+__seed7070001__Astart,1,B,1,2,SQUARE,1.236760,53,0,0,0,1,ok
Génétique (éval AB)__vs__Génétique (éval AB)+__seed7070001__Astart,2,A,2,2,DIAMOND,4.533001,50,0,0,0,1,ok
Génétique (éval AB)__vs__Génétique (éval AB)+__seed7070001__Astart,3,B,3,3,CIRCLE,1.233317,40,0,0,0,0,ok
Génétique (éval AB)__vs__Génétique (éval AB)+__seed7070001__Astart,4,A,2,1,CIRCLE,1.081264,37,0,0,0,1,ok
Génétique (éval AB)__vs__Génétique (éval AB)+__seed7070001__Astart,5,B,3,0,TRIANGLE,1.168608,30,0,0,0,0,ok
Génétique (éval AB)__vs__Génétique (éval AB)+__seed7070001__Astart,6,A,0,1,TRIANGLE,0.154769,25,0,0,0,0,ok
Génétique (éval AB)__vs__Génétique (éval AB)+__seed7070001__Astart,7,B,0,2,CIRCLE,0.072352,23,0,0,0,0,ok
Génétique (éval AB)__vs__Génétique (éval AB)+__seed7070001__Astart,8,A,1,0,CIRCLE,0.003936,14,0,0,1,0,ok
Génétique (éval AB)__vs__Génétique (éval AB)+__seed7070001__Astart,9,B,3,2,TRIANGLE,0.000025,14,1,1,0,0,ok
Génétique (éval AB)__vs__Génétique (éval AB)+__seed7070002__Bstart,0,B,0,1,DIAMOND,0.000026,64,0,0,0,0,ok
Génétique (éval AB)__vs__Génétique (éval AB)+__seed7070002__Bstart,1,A,2,2,CIRCLE,5.977104,53,0,0,0,1,ok
Génétique (éval AB)__vs__Génétique (éval AB)+__seed7070002__Bstart,2,B,1,3,SQUARE,1.233701,49,0,0,0,0,ok
Génétique (éval AB)__vs__Génétique (éval AB)+__seed7070002__Bstart,3,A,3,1,SQUARE,1.578570,38,0,0,0,0,ok
Génétique (éval AB)__vs__Génétique (éval AB)+__seed7070002__Bstart,4,B,0,0,CIRCLE,1.230795,35,0,0,0,0,ok
Génétique (éval AB)__vs__Génétique (éval AB)+__seed7070002__Bstart,5,A,1,1,TRIANGLE,0.756175,26,0,0,1,1,ok
Génétique (éval AB)__vs__Génétique (éval AB)+__seed7070002__Bstart,6,B,1,0,SQUARE,0.000031,25,1,1,0,0,ok
Génétique (éval AB)__vs__Génétique (éval AB)+__seed8080001__Astart,0,A,0,0,SQUARE,0.000027,64,0,0,0,0,ok
Génétique (éval AB)__vs__Génétique (éval AB)+__seed8080001__Astart,1,B,1,1,DIAMOND,1.245095,53,0,0,0,1,ok
Génétique (éval AB)__vs__Génétique (éval AB)+__seed8080001__Astart,2,A,1,2,TRIANGLE,3.119197,50,0,0,0,1,ok
Génétique (éval AB)__vs__Génétique (éval AB)+__seed8080001__Astart,3,B,2,2,SQUARE,1.233459,40,0,0,0,1,ok
Génétique (éval AB)__vs__Génétique (éval AB)+__seed8080001__Astart,4,A,2,0,DIAMOND,1.152364,37,0,0,0,0,ok
Génétique (éval AB)__vs__Génétique (éval AB)+__seed8080001__Astart,5,B,2,1,CIRCLE,0.175538,29,0,0,1,1,ok
Génétique (éval AB)__vs__Génétique (éval AB)+__seed8080001__Astart,6,A,2,3,TRIANGLE,0.000045,28,1,1,0,0,ok
Génétique (éval AB)__vs__Génétique (éval AB)+__seed8080002__Bstart,0,B,1,0,SQUARE,0.000027,64,0,0,0,0,ok
Génétique (éval AB)__vs__Génétique (éval AB)+__seed8080002__Bstart,1,A,2,1,TRIANGLE,5.889448,53,0,0,0,1,ok
Génétique (éval AB)__vs__Génétique (éval AB)+__seed8080002__Bstart,2,B,2,2,CIRCLE,1.234944,49,0,0,0,1,ok
Génétique (éval AB)__vs__Génétique (éval AB)+__seed8080002__Bstart,3,A,3,2,DIAMOND,2.477058,39,0,0,0,0,ok
Génétique (éval AB)__vs__Génétique (éval AB)+__seed8080002__Bstart,4,B,0,2,TRIANGLE,1.229800,36,0,0,0,0,ok
Génétique (éval AB)__vs__Génétique (éval AB)+__seed8080002__Bstart,5,A,1,1,TRIANGLE,0.027477,28,0,0,1,1,ok
Génétique (éval AB)__vs__Génétique (éval AB)+__seed8080002__Bstart,6,B,1,2,SQUARE,0.000038,27,1,1,0,1,ok
Génétique (éval AB)__vs__Génétique (éval AB)+__seed9090001__Astart,0,A,1,0,SQUARE,0.000026,64,0,0,0,0,ok
Génétique (éval AB)__vs__Génétique (éval AB)+__seed9090001__Astart,1,B,1,1,CIRCLE,1.327327,53,0,0,0,1,ok
Génétique (éval AB)__vs__Génétique (éval AB)+__seed9090001__Astart,2,A,2,2,DIAMOND,3.543021,50,0,0,0,1,ok
Génétique (éval AB)__vs__Génétique (éval AB)+__seed9090001__Astart,3,B,3,0,TRIANGLE,1.232301,39,0,0,0,0,ok
Génétique (éval AB)__vs__Génétique (éval AB)+__seed9090001__Astart,4,A,0,3,CIRCLE,1.329029,36,0,0,0,0,ok
Génétique (éval AB)__vs__Génétique (éval AB)+__seed9090001__Astart,5,B,0,1,DIAMOND,1.217298,25,0,0,0,0,ok
Génétique (éval AB)__vs__Génétique (éval AB)+__seed9090001__Astart,6,A,0,2,TRIANGLE,0.047652,25,0,0,0,0,ok
Génétique (éval AB)__vs__Génétique (éval AB)+__seed9090001__Astart,7,B,2,1,CIRCLE,0.004203,17,0,0,1,1,ok
Génétique (éval AB)__vs__Génétique (éval AB)+__seed9090001__Astart,8,A,0,0,SQUARE,0.000020,19,1,1,0,0,ok
Génétique (éval AB)__vs__Génétique (éval AB)+__seed9090002__Bstart,0,B,3,3,TRIANGLE,0.000029,64,0,0,0,0,ok
Génétique (éval AB)__vs__Génétique (éval AB)+__seed9090002__Bstart,1,A,1,1,CIRCLE,5.947739,53,0,0,0,1,ok
Génétique (éval AB)__vs__Génétique (éval AB)+__seed9090002__Bstart,2,B,1,2,SQUARE,1.233612,49,0,0,0,1,ok
Génétique (éval AB)__vs__Génétique (éval AB)+__seed9090002__Bstart,3,A,2,0,DIAMOND,2.033924,39,0,0,0,0,ok
Génétique (éval AB)__vs__Génétique (éval AB)+__seed9090002__Bstart,4,B,2,2,CIRCLE,1.230857,35,0,0,0,1,ok
Génétique (éval AB)__vs__Génétique (éval AB)+__seed9090002__Bstart,5,A,2,1,SQUARE,1.000823,29,0,0,1,1,ok
Génétique (éval AB)__vs__Génétique (éval AB)+__seed9090002__Bstart,6,B,2,3,TRIANGLE,0.000045,26,1,1,0,0,ok
Génétique (éval AB)__vs__Génétique (éval AB)+__seed1120001__Astart,0,A,3,0,SQUARE,0.000027,64,0,0,0,0,ok
Génétique (éval AB)__vs__Génétique (éval AB)+__seed1120001__Astart,1,B,2,2,TRIANGLE,1.235164,53,0,0,0,1,ok
Génétique (éval AB)__vs__Génétique (éval AB)+__seed1120001__Astart,2,A,1,1,DIAMOND,3.349672,49,0,0,0,1,ok
Génétique (éval AB)__vs__Génétique (éval AB)+__seed1120001__Astart,3,B,0,1,SQUARE,1.234219,38,0,0,0,0,ok
Génétique (éval AB)__vs__Génétique (éval AB)+__seed1120001__Astart,4,A,2,0,CIRCLE,1.523551,35,0,0,0,0,ok
Génétique (éval AB)__vs__Génétique (éval AB)+__seed1120001__Astart,5,B,1,2,SQUARE,0.991052,27,0,0,0,1,ok
Génétique (éval AB)__vs__Génétique (éval AB)+__seed1120001__Astart,6,A,3,1,TRIANGLE,0.220658,27,0,0,0,0,ok
Génétique (éval AB)__vs__Génétique (éval AB)+__seed1120001__Astart,7,B,0,2,CIRCLE,0.004049,16,0,0,1,0,ok
Génétique (éval AB)__vs__Génétique (éval AB)+__seed1120001__Astart,8,A,2,1,CIRCLE,0.000018,18,1,1,0,1,ok
Génétique (éval AB)__vs__Génétique (éval AB)+__seed1120002__Bstart,0,B,1,2,CIRCLE,0.000027,64,0,0,0,1,ok
Génétique (éval AB)__vs__Génétique (éval AB)+__seed1120002__Bstart,1,A,2,1,TRIANGLE,7.875776,53,0,0,0,1,ok
Génétique (éval AB)__vs__Génétique (éval AB)+__seed1120002__Bstart,2,B,2,3,DIAMOND,1.317017,49,0,0,0,0,ok
Génétique (éval AB)__vs__Génétique (éval AB)+__seed1120002__Bstart,3,A,0,0,SQUARE,1.640799,39,0,0,0,0,ok
Génétique (éval AB)__vs__Génétique (éval AB)+__seed1120002__Bstart,4,B,3,3,SQUARE,1.231093,35,0,0,0,0,ok
Génétique (éval AB)__vs__Génétique (éval AB)+__seed1120002__Bstart,5,A,2,2,TRIANGLE,1.076161,26,0,0,1,1,ok
Génétique (éval AB)__vs__Génétique (éval AB)+__seed1120002__Bstart,6,B,3,2,CIRCLE,0.000036,26,1,1,0,0,ok
Génétique (éval AB)__vs__Génétique (éval AB)+__seed2130001__Astart,0,A,3,1,CIRCLE,0.000030,64,0,0,0,0,ok
Génétique (éval AB)__vs__Génétique (éval AB)+__seed2130001__Astart,1,B,2,2,DIAMOND,1.411154,53,0,0,0,1,ok
Génétique (éval AB)__vs__Génétique (éval AB)+__seed2130001__Astart,2,A,1,2,TRIANGLE,4.678090,49,0,0,0,1,ok
Génétique (éval AB)__vs__Génétique (éval AB)+__seed2130001__Astart,3,B,1,1,SQUARE,1.232560,39,0,0,0,1,ok
Génétique (éval AB)__vs__Génétique (éval AB)+__seed2130001__Astart,4,A,3,0,DIAMOND,1.027074,37,0,0,0,0,ok
Génétique (éval AB)__vs__Génétique (éval AB)+__seed2130001__Astart,5,B,2,1,TRIANGLE,0.257209,28,0,0,1,1,ok
Génétique (éval AB)__vs__Génétique (éval AB)+__seed2130001__Astart,6,A,2,0,SQUARE,0.000036,28,1,1,0,0,ok
Génétique (éval AB)__vs__Génétique (éval AB)+__seed2130002__Bstart,0,B,1,2,TRIANGLE,0.000026,64,0,0,0,1,ok
Génétique (éval AB)__vs__Génétique (éval AB)+__seed2130002__Bstart,1,A,2,1,TRIANGLE,6.004454,53,0,0,0,1,ok
Génétique (éval AB)__vs__Génétique (éval AB)+__seed2130002__Bstart,2,B,3,3,DIAMOND,1.267567,49,0,0,0,0,ok
Génétique (éval AB)__vs__Génétique (éval AB)+__seed2130002__Bstart,3,A,0,0,DIAMOND,2.090443,38,0,0,0,0,ok
Génétique (éval AB)__vs__Génétique (éval AB)+__seed2130002__Bstart,4,B,2,3,CIRCLE,1.230877,34,0,0,0,0,ok
Génétique (éval AB)__vs__Génétique (éval AB)+__seed2130002__Bstart,5,A,1,1,CIRCLE,0.913385,26,0,0,0,1,ok
Génétique (éval AB)__vs__Génétique (éval AB)+__seed2130002__Bstart,6,B,0,3,SQUARE,0.148547,25,0,0,0,0,ok
Génétique (éval AB)__vs__Génétique (éval AB)+__seed2130002__Bstart,7,A,2,2,SQUARE,0.006553,19,0,0,1,1,ok
Génétique (éval AB)__vs__Génétique (éval AB)+__seed2130002__Bstart,8,B,1,3,TRIANGLE,0.000032,16,1,1,0,0,ok
Génétique (éval AB)__vs__Génétique (éval AB)+__seed3140001__Astart,0,A,0,2,TRIANGLE,0.000027,64,0,0,0,0,ok
Génétique (éval AB)__vs__Génétique (éval AB)+__seed3140001__Astart,1,B,2,1,SQUARE,1.234389,53,0,0,0,1,ok
Génétique (éval AB)__vs__Génétique (éval AB)+__seed3140001__Astart,2,A,3,3,SQUARE,4.184054,49,0,0,0,0,ok
Génétique (éval AB)__vs__Génétique (éval AB)+__seed3140001__Astart,3,B,1,0,TRIANGLE,1.231766,38,0,0,0,0,ok
Génétique (éval AB)__vs__Génétique (éval AB)+__seed3140001__Astart,4,A,2,3,DIAMOND,1.672458,34,0,0,0,0,ok
Génétique (éval AB)__vs__Génétique (éval AB)+__seed3140001__Astart,5,B,1,1,DIAMOND,0.706036,26,0,0,0,1,ok
Génétique (éval AB)__vs__Génétique (éval AB)+__seed3140001__Astart,6,A,1,2,CIRCLE,0.105562,24,0,0,0,1,ok
Génétique (éval AB)__vs__Génétique (éval AB)+__seed3140001__Astart,7,B,0,0,CIRCLE,0.004867,15,0,0,1,0,ok
Génétique (éval AB)__vs__Génétique (éval AB)+__seed3140001__Astart,8,A,1,3,SQUARE,0.000023,16,1,1,0,0,ok
Génétique (éval AB)__vs__Génétique (éval AB)+__seed3140002__Bstart,0,B,2,3,SQUARE,0.000026,64,0,0,0,0,ok
Génétique (éval AB)__vs__Génétique (éval AB)+__seed3140002__Bstart,1,A,1,2,DIAMOND,5.901614,53,0,0,0,1,ok
Génétique (éval AB)__vs__Génétique (éval AB)+__seed3140002__Bstart,2,B,1,1,CIRCLE,1.239546,49,0,0,0,1,ok
Génétique (éval AB)__vs__Génétique (éval AB)+__seed3140002__Bstart,3,A,0,1,TRIANGLE,2.005859,39,0,0,0,0,ok
Génétique (éval AB)__vs__Génétique (éval AB)+__seed3140002__Bstart,4,B,3,0,TRIANGLE,1.229947,36,0,0,0,0,ok
Génétique (éval AB)__vs__Génétique (éval AB)+__seed3140002__Bstart,5,A,2,2,DIAMOND,0.997837,25,0,0,0,1,ok
Génétique (éval AB)__vs__Génétique (éval AB)+__seed3140002__Bstart,6,B,2,1,SQUARE,0.090319,26,0,0,0,1,ok
Génétique (éval AB)__vs__Génétique (éval AB)+__seed3140002__Bstart,7,A,0,2,CIRCLE,0.005494,11,0,0,1,0,ok
Génétique (éval AB)__vs__Génétique (éval AB)+__seed3140002__Bstart,8,B,3,1,DIAMOND,0.000025,10,1,1,0,0,ok
Génétique (éval AB)__vs__Génétique (éval AB)+__seed4150001__Astart,0,A,3,0,SQUARE,0.000026,64,0,0,0,0,ok
Génétique (éval AB)__vs__Génétique (éval AB)+__seed4150001__Astart,1,B,2,1,CIRCLE,1.243587,53,0,0,0,1,ok
Génétique (éval AB)__vs__Génétique (éval AB)+__seed4150001__Astart,2,A,1,2,CIRCLE,3.925782,50,0,0,0,1,ok
Génétique (éval AB)__vs__Génétique (éval AB)+__seed4150001__Astart,3,B,1,3,DIAMOND,1.234597,39,0,0,0,0,ok
Génétique (éval AB)__vs__Génétique (éval AB)+__seed4150001__Astart,4,A,0,1,DIAMOND,1.394170,36,0,0,0,0,ok
Génétique (éval AB)__vs__Génétique (éval AB)+__seed4150001__Astart,5,B,0,0,TRIANGLE,1.136063,26,0,0,0,0,ok
Génétique (éval AB)__vs__Génétique (éval AB)+__seed4150001__Astart,6,A,2,2,TRIANGLE,0.263662,24,0,0,0,1,ok
Génétique (éval AB)__vs__Génétique (éval AB)+__seed4150001__Astart,7,B,1,1,SQUARE,0.024886,16,0,0,1,1,ok
Génétique (éval AB)__vs__Génétique (éval AB)+__seed4150001__Astart,8,A,1,0,CIRCLE,0.000023,18,1,1,0,0,ok
Génétique (éval AB)__vs__Génétique (éval AB)+__seed4150002__Bstart,0,B,2,2,CIRCLE,0.000028,64,0,0,0,1,ok
Génétique (éval AB)__vs__Génétique (éval AB)+__seed4150002__Bstart,1,A,2,1,TRIANGLE,6.976868,53,0,0,0,1,ok
Génétique (éval AB)__vs__Génétique (éval AB)+__seed4150002__Bstart,2,B,1,1,SQUARE,1.234872,50,0,0,0,1,ok
Génétique (éval AB)__vs__Génétique (éval AB)+__seed4150002__Bstart,3,A,3,3,DIAMOND,2.051593,40,0,0,0,0,ok
Génétique (éval AB)__vs__Génétique (éval AB)+__seed4150002__Bstart,4,B,0,3,TRIANGLE,1.230328,37,0,0,0,0,ok
Génétique (éval AB)__vs__Génétique (éval AB)+__seed4150002__Bstart,5,A,0,1,CIRCLE,0.711803,27,0,0,0,0,ok
Génétique (éval AB)__vs__Génétique (éval AB)+__seed4150002__Bstart,6,B,1,2,SQUARE,0.015833,27,0,0,1,1,ok
Génétique (éval AB)__vs__Génétique (éval AB)+__seed4150002__Bstart,7,A,3,1,DIAMOND,0.000045,22,1,1,0,0,ok
Génétique (éval AB)__vs__Génétique (éval AB)+__seed5160001__Astart,0,A,3,1,DIAMOND,0.000026,64,0,0,0,0,ok
Génétique (éval AB)__vs__Génétique (éval AB)+__seed5160001__Astart,1,B,1,2,SQUARE,1.310778,53,0,0,0,1,ok
Génétique (éval AB)__vs__Génétique (éval AB)+__seed5160001__Astart,2,A,0,0,SQUARE,3.826049,49,0,0,0,0,ok
Génétique (éval AB)__vs__Génétique (éval AB)+__seed5160001__Astart,3,B,2,3,TRIANGLE,1.233785,38,0,0,0,0,ok
Génétique (éval AB)__vs__Génétique (éval AB)+__seed5160001__Astart,4,A,2,1,CIRCLE,1.139219,34,0,0,0,1,ok
Génétique (éval AB)__vs__Génétique (éval AB)+__seed5160001__Astart,5,B,2,2,DIAMOND,0.295586,26,0,0,1,1,ok
Génétique (éval AB)__vs__Génétique (éval AB)+__seed5160001__Astart,6,A,2,0,SQUARE,0.000036,25,1,1,0,0,ok
Génétique (éval AB)__vs__Génétique (éval AB)+__seed5160002__Bstart,0,B,3,1,DIAMOND,0.000027,64,0,0,0,0,ok
Génétique (éval AB)__vs__Génétique (éval AB)+__seed5160002__Bstart,1,A,2,2,CIRCLE,5.546308,53,0,0,0,1,ok
Génétique (éval AB)__vs__Génétique (éval AB)+__seed5160002__Bstart,2,B,0,2,TRIANGLE,1.251148,49,0,0,0,0,ok
Génétique (éval AB)__vs__Génétique (éval AB)+__seed5160002__Bstart,3,A,0,3,SQUARE,1.199186,39,0,0,0,0,ok
Génétique (éval AB)__vs__Génétique (éval AB)+__seed5160002__Bstart,4,B,1,1,SQUARE,1.229760,36,0,0,0,1,ok
Génétique (éval AB)__vs__Génétique (éval AB)+__seed5160002__Bstart,5,A,1,2,CIRCLE,0.207312,27,0,0,1,1,ok
Génétique (éval AB)__vs__Génétique (éval AB)+__seed5160002__Bstart,6,B,1,3,DIAMOND,0.000055,28,1,1,0,0,ok
Génétique (éval AB)__vs__Génétique (éval AB)+__seed6170001__Astart,0,A,3,2,SQUARE,0.000030,64,0,0,0,0,ok
Génétique (éval AB)__vs__Génétique (éval AB)+__seed6170001__Astart,1,B,2,1,SQUARE,1.260067,53,0,0,0,1,ok
Génétique (éval AB)__vs__Génétique (éval AB)+__seed6170001__Astart,2,A,1,1,TRIANGLE,4.962869,49,0,0,0,1,ok
Génétique (éval AB)__vs__Génétique (éval AB)+__seed6170001__Astart,3,B,1,2,DIAMOND,1.233768,39,0,0,0,1,ok
Génétique (éval AB)__vs__Génétique (éval AB)+__seed6170001__Astart,4,A,3,0,DIAMOND,1.176199,37,0,0,0,0,ok
Génétique (éval AB)__vs__Génétique (éval AB)+__seed6170001__Astart,5,B,2,2,TRIANGLE,0.575658,29,0,0,1,1,ok
Génétique (éval AB)__vs__Génétique (éval AB)+__seed6170001__Astart,6,A,0,2,CIRCLE,0.000023,28,1,1,0,0,ok
Génétique (éval AB)__vs__Génétique (éval AB)+__seed6170002__Bstart,0,B,3,1,CIRCLE,0.000026,64,0,0,0,0,ok
Génétique (éval AB)__vs__Génétique (éval AB)+__seed6170002__Bstart,1,A,1,2,TRIANGLE,5.975025,53,0,0,0,1,ok
Génétique (éval AB)__vs__Génétique (éval AB)+__seed6170002__Bstart,2,B,0,2,DIAMOND,1.233977,49,0,0,0,0,ok
Génétique (éval AB)__vs__Génétique (éval AB)+__seed6170002__Bstart,3,A,2,3,CIRCLE,2.448532,39,0,0,0,0,ok
Génétique (éval AB)__vs__Génétique (éval AB)+__seed6170002__Bstart,4,B,3,0,TRIANGLE,1.230332,35,0,0,0,0,ok
Génétique (éval AB)__vs__Génétique (éval AB)+__seed6170002__Bstart,5,A,1,3,SQUARE,0.987798,26,0,0,0,0,ok
Génétique (éval AB)__vs__Génétique (éval AB)+__seed6170002__Bstart,6,B,0,1,CIRCLE,0.410547,25,0,0,0,0,ok
Génétique (éval AB)__vs__Génétique (éval AB)+__seed6170002__Bstart,7,A,2,2,TRIANGLE,0.149606,18,0,0,0,1,ok
Génétique (éval AB)__vs__Génétique (éval AB)+__seed6170002__Bstart,8,B,0,0,SQUARE,0.049429,13,0,0,0,0,ok
Génétique (éval AB)__vs__Génétique (éval AB)+__seed6170002__Bstart,9,A,1,1,DIAMOND,0.018933,8,0,0,0,1,ok
Génétique (éval AB)__vs__Génétique (éval AB)+__seed6170002__Bstart,10,B,2,1,SQUARE,0.003877,7,0,0,1,1,ok
Génétique (éval AB)__vs__Génétique (éval AB)+__seed6170002__Bstart,11,A,2,0,DIAMOND,0.000014,5,1,1,0,0,ok
Génétique (éval AB)__vs__Génétique (éval AB)+__seed7180001__Astart,0,A,2,2,CIRCLE,0.000026,64,0,0,0,1,ok
Génétique (éval AB)__vs__Génétique (éval AB)+__seed7180001__Astart,1,B,0,3,CIRCLE,1.322226,53,0,0,0,0,ok
Génétique (éval AB)__vs__Génétique (éval AB)+__seed7180001__Astart,2,A,1,1,TRIANGLE,4.664189,49,0,0,0,1,ok
Génétique (éval AB)__vs__Génétique (éval AB)+__seed7180001__Astart,3,B,2,1,DIAMOND,1.233396,38,0,0,0,1,ok
Génétique (éval AB)__vs__Génétique (éval AB)+__seed7180001__Astart,4,A,3,0,SQUARE,1.483483,36,0,0,0,0,ok
Génétique (éval AB)__vs__Génétique (éval AB)+__seed7180001__Astart,5,B,3,3,TRIANGLE,1.226693,26,0,0,0,0,ok
Génétique (éval AB)__vs__Génétique (éval AB)+__seed7180001__Astart,6,A,1,0,CIRCLE,0.376494,26,0,0,0,0,ok
Génétique (éval AB)__vs__Génétique (éval AB)+__seed7180001__Astart,7,B,0,2,SQUARE,0.045532,19,0,0,0,0,ok
Génétique (éval AB)__vs__Génétique (éval AB)+__seed7180001__Astart,8,A,1,2,TRIANGLE,0.005470,11,0,0,1,1,ok
Génétique (éval AB)__vs__Génétique (éval AB)+__seed7180001__Astart,9,B,1,3,DIAMOND,0.000026,13,1,1,0,0,ok
Génétique (éval AB)__vs__Génétique (éval AB)+__seed7180002__Bstart,0,B,0,3,CIRCLE,0.000026,64,0,0,0,0,ok
Génétique (éval AB)__vs__Génétique (éval AB)+__seed7180002__Bstart,1,A,2,1,SQUARE,6.201055,53,0,0,0,1,ok
Génétique (éval AB)__vs__Génétique (éval AB)+__seed7180002__Bstart,2,B,1,1,TRIANGLE,1.244934,49,0,0,0,1,ok
Génétique (éval AB)__vs__Génétique (éval AB)+__seed7180002__Bstart,3,A,3,3,TRIANGLE,1.875796,39,0,0,0,0,ok
Génétique (éval AB)__vs__Génétique (éval AB)+__seed7180002__Bstart,4,B,1,2,DIAMOND,1.230812,36,0,0,0,1,ok
Génétique (éval AB)__vs__Génétique (éval AB)+__seed7180002__Bstart,5,A,2,2,TRIANGLE,0.934485,29,0,0,0,1,ok
Génétique (éval AB)__vs__Génétique (éval AB)+__seed7180002__Bstart,6,B,3,1,DIAMOND,0.180583,28,0,0,0,0,ok
Génétique (éval AB)__vs__Génétique (éval AB)+__seed7180002__Bstart,7,A,1,0,CIRCLE,0.010354,15,0,0,1,0,ok
Génétique (éval AB)__vs__Génétique (éval AB)+__seed7180002__Bstart,8,B,1,3,SQUARE,0.000020,9,1,1,0,0,ok
Génétique (éval AB)__vs__Génétique (éval AB)+__seed8190001__Astart,0,A,2,0,DIAMOND,0.000026,64,0,0,0,0,ok
Génétique (éval AB)__vs__Génétique (éval AB)+__seed8190001__Astart,1,B,1,2,SQUARE,1.284807,53,0,0,0,1,ok
Génétique (éval AB)__vs__Génétique (éval AB)+__seed8190001__Astart,2,A,1,1,TRIANGLE,3.788020,49,0,0,0,1,ok
Génétique (éval AB)__vs__Génétique (éval AB)+__seed8190001__Astart,3,B,2,1,CIRCLE,1.234230,39,0,0,0,1,ok
Génétique (éval AB)__vs__Génétique (éval AB)+__seed8190001__Astart,4,A,3,0,SQUARE,1.091982,37,0,0,0,0,ok
Génétique (éval AB)__vs__Génétique (éval AB)+__seed8190001__Astart,5,B,2,2,SQUARE,0.027485,29,0,0,1,1,ok
Génétique (éval AB)__vs__Génétique (éval AB)+__seed8190001__Astart,6,A,2,3,TRIANGLE,0.000043,30,1,1,0,0,ok
Génétique (éval AB)__vs__Génétique (éval AB)+__seed8190002__Bstart,0,B,1,3,SQUARE,0.000026,64,0,0,0,0,ok
Génétique (éval AB)__vs__Génétique (éval AB)+__seed8190002__Bstart,1,A,2,1,DIAMOND,6.405388,53,0,0,0,1,ok
Génétique (éval AB)__vs__Génétique (éval AB)+__seed8190002__Bstart,2,B,3,1,CIRCLE,1.278087,49,0,0,0,0,ok
Génétique (éval AB)__vs__Génétique (éval AB)+__seed8190002__Bstart,3,A,0,0,SQUARE,1.158713,39,0,0,0,0,ok
Génétique (éval AB)__vs__Génétique (éval AB)+__seed8190002__Bstart,4,B,1,2,DIAMOND,1.230659,35,0,0,0,1,ok
Génétique (éval AB)__vs__Génétique (éval AB)+__seed8190002__Bstart,5,A,2,0,TRIANGLE,0.995030,26,0,0,0,0,ok
Génétique (éval AB)__vs__Génétique (éval AB)+__seed8190002__Bstart,6,B,3,3,SQUARE,0.559179,25,0,0,0,0,ok
Génétique (éval AB)__vs__Génétique (éval AB)+__seed8190002__Bstart,7,A,0,1,DIAMOND,0.193698,18,0,0,0,0,ok
Génétique (éval AB)__vs__Génétique (éval AB)+__seed8190002__Bstart,8,B,3,2,TRIANGLE,0.051528,13,0,0,0,0,ok
Génétique (éval AB)__vs__Génétique (éval AB)+__seed8190002__Bstart,9,A,2,3,CIRCLE,0.028328,8,0,0,0,0,ok
Génétique (éval AB)__vs__Génétique (éval AB)+__seed8190002__Bstart,10,B,1,1,CIRCLE,0.003219,7,0,0,1,1,ok
Génétique (éval AB)__vs__Génétique (éval AB)+__seed8190002__Bstart,11,A,1,0,TRIANGLE,0.000014,5,1,1,0,0,ok
Génétique (éval AB)__vs__Génétique (éval AB)+__seed9200001__Astart,0,A,1,2,CIRCLE,0.000026,64,0,0,0,1,ok
Génétique (éval AB)__vs__Génétique (éval AB)+__seed9200001__Astart,1,B,0,0,CIRCLE,1.440908,53,0,0,0,0,ok
Génétique (éval AB)__vs__Génétique (éval AB)+__seed9200001__Astart,2,A,2,1,DIAMOND,5.157931,49,0,0,0,1,ok
Génétique (éval AB)__vs__Génétique (éval AB)+__seed9200001__Astart,3,B,2,2,SQUARE,1.232763,38,0,0,0,1,ok
Génétique (éval AB)__vs__Génétique (éval AB)+__seed9200001__Astart,4,A,3,3,TRIANGLE,1.455427,36,0,0,0,0,ok
Génétique (éval AB)__vs__Génétique (éval AB)+__seed9200001__Astart,5,B,0,3,DIAMOND,1.226798,26,0,0,0,0,ok
Génétique (éval AB)__vs__Génétique (éval AB)+__seed9200001__Astart,6,A,3,1,CIRCLE,0.361648,26,0,0,0,0,ok
Génétique (éval AB)__vs__Génétique (éval AB)+__seed9200001__Astart,7,B,1,0,TRIANGLE,0.048665,19,0,0,0,0,ok
Génétique (éval AB)__vs__Génétique (éval AB)+__seed9200001__Astart,8,A,1,1,SQUARE,0.005397,11,0,0,1,1,ok
Génétique (éval AB)__vs__Génétique (éval AB)+__seed9200001__Astart,9,B,0,1,TRIANGLE,0.000023,12,1,1,0,0,ok
Génétique (éval AB)__vs__Génétique (éval AB)+__seed9200002__Bstart,0,B,3,0,CIRCLE,0.000026,64,0,0,0,0,ok
Génétique (éval AB)__vs__Génétique (éval AB)+__seed9200002__Bstart,1,A,1,2,DIAMOND,6.411154,53,0,0,0,1,ok
Génétique (éval AB)__vs__Génétique (éval AB)+__seed9200002__Bstart,2,B,1,1,SQUARE,1.245113,49,0,0,0,1,ok
Génétique (éval AB)__vs__Génétique (éval AB)+__seed9200002__Bstart,3,A,3,3,SQUARE,1.745441,39,0,0,0,0,ok
Génétique (éval AB)__vs__Génétique (éval AB)+__seed9200002__Bstart,4,B,2,1,TRIANGLE,1.232242,36,0,0,0,1,ok
Génétique (éval AB)__vs__Génétique (éval AB)+__seed9200002__Bstart,5,A,2,2,CIRCLE,1.080853,29,0,0,0,1,ok
Génétique (éval AB)__vs__Génétique (éval AB)+__seed9200002__Bstart,6,B,0,1,DIAMOND,0.123047,26,0,0,0,0,ok
Génétique (éval AB)__vs__Génétique (éval AB)+__seed9200002__Bstart,7,A,0,2,CIRCLE,0.004096,19,0,0,1,0,ok
Génétique (éval AB)__vs__Génétique (éval AB)+__seed9200002__Bstart,8,B,3,1,CIRCLE,0.000016,17,1,1,0,0,ok
Génétique (éval AB)__vs__Génétique (éval AB)+__seed1010003__Astart,0,A,1,3,TRIANGLE,0.000026,64,0,0,0,0,ok
Génétique (éval AB)__vs__Génétique (éval AB)+__seed1010003__Astart,1,B,1,2,DIAMOND,1.234697,53,0,0,0,1,ok
Génétique (éval AB)__vs__Génétique (éval AB)+__seed1010003__Astart,2,A,2,1,DIAMOND,2.084718,50,0,0,0,1,ok
Génétique (éval AB)__vs__Génétique (éval AB)+__seed1010003__Astart,3,B,3,1,TRIANGLE,1.232671,39,0,0,0,0,ok
Génétique (éval AB)__vs__Génétique (éval AB)+__seed1010003__Astart,4,A,0,0,CIRCLE,1.160193,36,0,0,0,0,ok
Génétique (éval AB)__vs__Génétique (éval AB)+__seed1010003__Astart,5,B,2,2,SQUARE,0.360159,25,0,0,0,1,ok
Génétique (éval AB)__vs__Génétique (éval AB)+__seed1010003__Astart,6,A,1,1,SQUARE,0.103063,24,0,0,0,1,ok
Génétique (éval AB)__vs__Génétique (éval AB)+__seed1010003__Astart,7,B,2,3,CIRCLE,0.003415,19,0,0,1,0,ok
Génétique (éval AB)__vs__Génétique (éval AB)+__seed1010003__Astart,8,A,0,1,CIRCLE,0.000016,15,1,1,0,0,ok
Génétique (éval AB)__vs__Génétique (éval AB)+__seed1010004__Bstart,0,B,2,2,SQUARE,0.000026,64,0,0,0,1,ok
Génétique (éval AB)__vs__Génétique (éval AB)+__seed1010004__Bstart,1,A,1,2,TRIANGLE,6.328589,53,0,0,0,1,ok
Génétique (éval AB)__vs__Génétique (éval AB)+__seed1010004__Bstart,2,B,1,1,DIAMOND,1.235043,50,0,0,0,1,ok
Génétique (éval AB)__vs__Génétique (éval AB)+__seed1010004__Bstart,3,A,0,0,CIRCLE,2.382847,40,0,0,0,0,ok
Génétique (éval AB)__vs__Génétique (éval AB)+__seed1010004__Bstart,4,B,3,1,CIRCLE,1.230716,37,0,0,0,0,ok
Génétique (éval AB)__vs__Génétique (éval AB)+__seed1010004__Bstart,5,A,1,3,SQUARE,0.520886,28,0,0,0,0,ok
Génétique (éval AB)__vs__Génétique (éval AB)+__seed1010004__Bstart,6,B,2,1,TRIANGLE,0.006547,25,0,0,1,1,ok
Génétique (éval AB)__vs__Génétique (éval AB)+__seed1010004__Bstart,7,A,1,0,CIRCLE,0.000020,20,1,1,0,0,ok
Génétique (éval AB)__vs__Génétique (éval AB)+__seed2020003__Astart,0,A,2,1,DIAMOND,0.000026,64,0,0,0,1,ok
Génétique (éval AB)__vs__Génétique (éval AB)+__seed2020003__Astart,1,B,2,2,TRIANGLE,1.542971,53,0,0,0,1,ok
Génétique (éval AB)__vs__Génétique (éval AB)+__seed2020003__Astart,2,A,1,2,CIRCLE,3.622838,50,0,0,0,1,ok
Génétique (éval AB)__vs__Génétique (éval AB)+__seed2020003__Astart,3,B,3,0,SQUARE,1.232571,40,0,0,0,0,ok
Génétique (éval AB)__vs__Génétique (éval AB)+__seed2020003__Astart,4,A,0,1,SQUARE,1.451761,37,0,0,0,0,ok
Génétique (éval AB)__vs__Génétique (éval AB)+__seed2020003__Astart,5,B,2,3,CIRCLE,0.556040,28,0,0,0,0,ok
Génétique (éval AB)__vs__Génétique (éval AB)+__seed2020003__Astart,6,A,1,1,SQUARE,0.012468,25,0,0,1,1,ok
Génétique (éval AB)__vs__Génétique (éval AB)+__seed2020003__Astart,7,B,2,0,SQUARE,0.000023,23,1,1,0,0,ok
Génétique (éval AB)__vs__Génétique (éval AB)+__seed2020004__Bstart,0,B,1,2,DIAMOND,0.000026,64,0,0,0,1,ok
Génétique (éval AB)__vs__Génétique (éval AB)+__seed2020004__Bstart,1,A,2,2,TRIANGLE,6.026040,53,0,0,0,1,ok
Génétique (éval AB)__vs__Génétique (éval AB)+__seed2020004__Bstart,2,B,2,1,SQUARE,1.238697,50,0,0,0,1,ok
Génétique (éval AB)__vs__Génétique (éval AB)+__seed2020004__Bstart,3,A,3,0,CIRCLE,2.623196,40,0,0,0,0,ok
Génétique (éval AB)__vs__Génétique (éval AB)+__seed2020004__Bstart,4,B,1,3,TRIANGLE,1.230591,37,0,0,0,0,ok
Génétique (éval AB)__vs__Génétique (éval AB)+__seed2020004__Bstart,5,A,3,1,DIAMOND,0.915656,28,0,0,0,0,ok
Génétique (éval AB)__vs__Génétique (éval AB)+__seed2020004__Bstart,6,B,1,1,SQUARE,0.027563,25,0,0,1,1,ok
Génétique (éval AB)__vs__Génétique (éval AB)+__seed2020004__Bstart,7,A,1,0,CIRCLE,0.000023,22,1,1,0,0,ok
Génétique (éval AB)__vs__Génétique (éval AB)+__seed3030003__Astart,0,A,2,2,TRIANGLE,0.000026,64,0,0,0,1,ok
Génétique (éval AB)__vs__Génétique (éval AB)+__seed3030003__Astart,1,B,1,2,SQUARE,1.234997,53,0,0,0,1,ok
Génétique (éval AB)__vs__Génétique (éval AB)+__seed3030003__Astart,2,A,1,1,CIRCLE,4.100921,50,0,0,0,1,ok
Génétique (éval AB)__vs__Génétique (éval AB)+__seed3030003__Astart,3,B,2,1,DIAMOND,1.235196,40,0,0,0,1,ok
Génétique (éval AB)__vs__Génétique (éval AB)+__seed3030003__Astart,4,A,3,0,SQUARE,1.521218,38,0,0,0,0,ok
Génétique (éval AB)__vs__Génétique (éval AB)+__seed3030003__Astart,5,B,0,0,TRIANGLE,1.226652,28,0,0,0,0,ok
Génétique (éval AB)__vs__Génétique (éval AB)+__seed3030003__Astart,6,A,3,3,DIAMOND,0.424406,26,0,0,0,0,ok
Génétique (éval AB)__vs__Génétique (éval AB)+__seed3030003__Astart,7,B,0,2,CIRCLE,0.069102,19,0,0,1,0,ok
Génétique (éval AB)__vs__Génétique (éval AB)+__seed3030003__Astart,8,A,3,2,DIAMOND,0.000038,16,1,1,0,0,ok
Génétique (éval AB)__vs__Génétique (éval AB)+__seed3030004__Bstart,0,B,3,3,TRIANGLE,0.000026,64,0,0,0,0,ok
Génétique (éval AB)__vs__Génétique (éval AB)+__seed3030004__Bstart,1,A,1,1,CIRCLE,5.667496,53,0,0,0,1,ok
Génétique (éval AB)__vs__Génétique (éval AB)+__seed3030004__Bstart,2,B,1,2,DIAMOND,1.235617,49,0,0,0,1,ok
Génétique (éval AB)__vs__Génétique (éval AB)+__seed3030004__Bstart,3,A,0,2,TRIANGLE,1.484037,39,0,0,0,0,ok
Génétique (éval AB)__vs__Génétique (éval AB)+__seed3030004__Bstart,4,B,2,0,SQUARE,1.229768,36,0,0,0,0,ok
Génétique (éval AB)__vs__Génétique (éval AB)+__seed3030004__Bstart,5,A,2,2,CIRCLE,0.606045,25,0,0,1,1,ok
Génétique (éval AB)__vs__Génétique (éval AB)+__seed3030004__Bstart,6,B,3,2,SQUARE,0.000038,27,1,1,0,0,ok
Génétique (éval AB)__vs__Génétique (éval AB)+__seed4040003__Astart,0,A,3,0,SQUARE,0.000028,64,0,0,0,0,ok
Génétique (éval AB)__vs__Génétique (éval AB)+__seed4040003__Astart,1,B,1,1,SQUARE,1.378582,53,0,0,0,1,ok
Génétique (éval AB)__vs__Génétique (éval AB)+__seed4040003__Astart,2,A,1,2,TRIANGLE,4.793467,49,0,0,0,1,ok
Génétique (éval AB)__vs__Génétique (éval AB)+__seed4040003__Astart,3,B,2,2,DIAMOND,1.233163,39,0,0,0,1,ok
Génétique (éval AB)__vs__Génétique (éval AB)+__seed4040003__Astart,4,A,0,2,CIRCLE,1.068944,36,0,0,0,0,ok
Génétique (éval AB)__vs__Génétique (éval AB)+__seed4040003__Astart,5,B,2,1,DIAMOND,0.042509,28,0,0,1,1,ok
Génétique (éval AB)__vs__Génétique (éval AB)+__seed4040003__Astart,6,A,3,2,SQUARE,0.000039,29,1,1,0,0,ok
Génétique (éval AB)__vs__Génétique (éval AB)+__seed4040004__Bstart,0,B,0,0,CIRCLE,0.000027,64,0,0,0,0,ok
Génétique (éval AB)__vs__Génétique (éval AB)+__seed4040004__Bstart,1,A,2,2,DIAMOND,6.700643,53,0,0,0,1,ok
Génétique (éval AB)__vs__Génétique (éval AB)+__seed4040004__Bstart,2,B,3,1,TRIANGLE,1.262659,49,0,0,0,0,ok
Génétique (éval AB)__vs__Génétique (éval AB)+__seed4040004__Bstart,3,A,1,1,SQUARE,1.828126,38,0,0,0,1,ok
Génétique (éval AB)__vs__Génétique (éval AB)+__seed4040004__Bstart,4,B,2,3,SQUARE,1.230313,36,0,0,0,0,ok
Génétique (éval AB)__vs__Génétique (éval AB)+__seed4040004__Bstart,5,A,2,0,DIAMOND,1.213938,26,0,0,0,0,ok
Génétique (éval AB)__vs__Génétique (éval AB)+__seed4040004__Bstart,6,B,1,2,CIRCLE,0.259213,28,0,0,0,1,ok
Génétique (éval AB)__vs__Génétique (éval AB)+__seed4040004__Bstart,7,A,2,1,CIRCLE,0.015637,10,0,0,1,1,ok
Génétique (éval AB)__vs__Génétique (éval AB)+__seed4040004__Bstart,8,B,3,0,SQUARE,0.000019,16,1,1,0,0,ok
Génétique (éval AB)__vs__Génétique (éval AB)+__seed5050003__Astart,0,A,1,1,CIRCLE,0.000030,64,0,0,0,1,ok
Génétique (éval AB)__vs__Génétique (éval AB)+__seed5050003__Astart,1,B,2,1,TRIANGLE,1.265630,53,0,0,0,1,ok
Génétique (éval AB)__vs__Génétique (éval AB)+__seed5050003__Astart,2,A,2,2,SQUARE,5.832185,50,0,0,0,1,ok
Génétique (éval AB)__vs__Génétique (éval AB)+__seed5050003__Astart,3,B,3,2,DIAMOND,1.321779,40,0,0,0,0,ok
Génétique (éval AB)__vs__Génétique (éval AB)+__seed5050003__Astart,4,A,1,3,DIAMOND,1.044190,37,0,0,0,0,ok
Génétique (éval AB)__vs__Génétique (éval AB)+__seed5050003__Astart,5,B,0,1,SQUARE,0.401238,28,0,0,0,0,ok
Génétique (éval AB)__vs__Génétique (éval AB)+__seed5050003__Astart,6,A,1,2,TRIANGLE,0.011349,25,0,0,1,1,ok
Génétique (éval AB)__vs__Génétique (éval AB)+__seed5050003__Astart,7,B,0,2,CIRCLE,0.000017,21,1,1,0,0,ok
Génétique (éval AB)__vs__Génétique (éval AB)+__seed5050004__Bstart,0,B,2,3,DIAMOND,0.000026,64,0,0,0,0,ok
Génétique (éval AB)__vs__Génétique (éval AB)+__seed5050004__Bstart,1,A,1,1,SQUARE,6.145638,53,0,0,0,1,ok
Génétique (éval AB)__vs__Génétique (éval AB)+__seed5050004__Bstart,2,B,1,2,TRIANGLE,1.361058,49,0,0,0,1,ok
Génétique (éval AB)__vs__Génétique (éval AB)+__seed5050004__Bstart,3,A,2,0,TRIANGLE,1.294761,39,0,0,0,0,ok
Génétique (éval AB)__vs__Génétique (éval AB)+__seed5050004__Bstart,4,B,3,3,CIRCLE,1.231204,36,0,0,0,0,ok
Génétique (éval AB)__vs__Génétique (éval AB)+__seed5050004__Bstart,5,A,2,2,SQUARE,0.632259,27,0,0,1,1,ok
Génétique (éval AB)__vs__Génétique (éval AB)+__seed5050004__Bstart,6,B,2,1,CIRCLE,0.000034,27,1,1,0,1,ok
Génétique (éval AB)__vs__Génétique (éval AB)+__seed6060003__Astart,0,A,2,1,TRIANGLE,0.000033,64,0,0,0,1,ok
Génétique (éval AB)__vs__Génétique (éval AB)+__seed6060003__Astart,1,B,2,2,DIAMOND,1.308122,53,0,0,0,1,ok
Génétique (éval AB)__vs__Génétique (éval AB)+__seed6060003__Astart,2,A,1,2,CIRCLE,3.665919,50,0,0,0,1,ok
Génétique (éval AB)__vs__Génétique (éval AB)+__seed6060003__Astart,3,B,0,3,SQUARE,1.232162,40,0,0,0,0,ok
Génétique (éval AB)__vs__Génétique (éval AB)+__seed6060003__Astart,4,A,1,0,DIAMOND,1.067976,37,0,0,0,0,ok
Génétique (éval AB)__vs__Génétique (éval AB)+__seed6060003__Astart,5,B,3,2,TRIANGLE,1.227381,28,0,0,0,0,ok
Génétique (éval AB)__vs__Génétique (éval AB)+__seed6060003__Astart,6,A,1,1,CIRCLE,0.007635,25,0,0,1,1,ok
Génétique (éval AB)__vs__Génétique (éval AB)+__seed6060003__Astart,7,B,0,2,SQUARE,0.000027,21,1,1,0,0,ok
Génétique (éval AB)__vs__Génétique (éval AB)+__seed6060004__Bstart,0,B,0,2,TRIANGLE,0.000027,64,0,0,0,0,ok
Génétique (éval AB)__vs__Génétique (éval AB)+__seed6060004__Bstart,1,A,1,1,SQUARE,5.993920,53,0,0,0,1,ok
Génétique (éval AB)__vs__Génétique (éval AB)+__seed6060004__Bstart,2,B,2,1,DIAMOND,1.245116,49,0,0,0,1,ok
Génétique (éval AB)__vs__Génétique (éval AB)+__seed6060004__Bstart,3,A,2,0,CIRCLE,1.396892,39,0,0,0,0,ok
Génétique (éval AB)__vs__Génétique (éval AB)+__seed6060004__Bstart,4,B,3,2,CIRCLE,1.231303,36,0,0,0,0,ok
Génétique (éval AB)__vs__Génétique (éval AB)+__seed6060004__Bstart,5,A,1,2,SQUARE,0.336230,27,0,0,1,1,ok
Génétique (éval AB)__vs__Génétique (éval AB)+__seed6060004__Bstart,6,B,2,2,DIAMOND,0.000051,27,1,1,0,1,ok
Génétique (éval AB)__vs__Génétique (éval AB)+__seed7070003__Astart,0,A,2,3,CIRCLE,0.000029,64,0,0,0,0,ok
Génétique (éval AB)__vs__Génétique (éval AB)+__seed7070003__Astart,1,B,2,2,TRIANGLE,1.236068,53,0,0,0,1,ok
Génétique (éval AB)__vs__Génétique (éval AB)+__seed7070003__Astart,2,A,1,1,DIAMOND,3.536267,50,0,0,0,1,ok
Génétique (éval AB)__vs__Génétique (éval AB)+__seed7070003__Astart,3,B,0,3,SQUARE,1.233147,39,0,0,0,0,ok
Génétique (éval AB)__vs__Génétique (éval AB)+__seed7070003__Astart,4,A,3,0,TRIANGLE,1.116789,36,0,0,0,0,ok
Génétique (éval AB)__vs__Génétique (éval AB)+__seed7070003__Astart,5,B,2,1,SQUARE,1.117785,25,0,0,1,1,ok
Génétique (éval AB)__vs__Génétique (éval AB)+__seed7070003__Astart,6,A,2,0,DIAMOND,0.000054,27,1,1,0,0,ok
Génétique (éval AB)__vs__Génétique (éval AB)+__seed7070004__Bstart,0,B,0,1,CIRCLE,0.000026,64,0,0,0,0,ok
Génétique (éval AB)__vs__Génétique (éval AB)+__seed7070004__Bstart,1,A,2,2,CIRCLE,7.181497,53,0,0,0,1,ok
Génétique (éval AB)__vs__Génétique (éval AB)+__seed7070004__Bstart,2,B,2,0,SQUARE,1.233750,49,0,0,0,0,ok
Génétique (éval AB)__vs__Génétique (éval AB)+__seed7070004__Bstart,3,A,0,3,SQUARE,2.263698,39,0,0,0,0,ok
Génétique (éval AB)__vs__Génétique (éval AB)+__seed7070004__Bstart,4,B,1,2,DIAMOND,1.232004,36,0,0,0,1,ok
Génétique (éval AB)__vs__Génétique (éval AB)+__seed7070004__Bstart,5,A,3,2,TRIANGLE,0.667592,27,0,0,0,0,ok
Génétique (éval AB)__vs__Génétique (éval AB)+__seed7070004__Bstart,6,B,1,1,TRIANGLE,0.004921,26,0,0,1,1,ok
Génétique (éval AB)__vs__Génétique (éval AB)+__seed7070004__Bstart,7,A,0,2,SQUARE,0.000024,17,1,1,0,0,ok
Génétique (éval AB)__vs__Génétique (éval AB)+__seed8080003__Astart,0,A,3,3,DIAMOND,0.000028,64,0,0,0,0,ok
Génétique (éval AB)__vs__Génétique (éval AB)+__seed8080003__Astart,1,B,1,2,SQUARE,1.259662,53,0,0,0,1,ok
Génétique (éval AB)__vs__Génétique (éval AB)+__seed8080003__Astart,2,A,2,1,CIRCLE,3.364051,49,0,0,0,1,ok
Génétique (éval AB)__vs__Génétique (éval AB)+__seed8080003__Astart,3,B,3,1,TRIANGLE,1.234210,38,0,0,0,0,ok
Génétique (éval AB)__vs__Génétique (éval AB)+__seed8080003__Astart,4,A,0,0,SQUARE,1.417341,36,0,0,0,0,ok
Génétique (éval AB)__vs__Génétique (éval AB)+__seed8080003__Astart,5,B,1,3,CIRCLE,1.226409,25,0,0,0,0,ok
Génétique (éval AB)__vs__Génétique (éval AB)+__seed8080003__Astart,6,A,3,2,CIRCLE,0.143924,24,0,0,0,0,ok
Génétique (éval AB)__vs__Génétique (éval AB)+__seed8080003__Astart,7,B,2,2,SQUARE,0.004003,18,0,0,1,1,ok
Génétique (éval AB)__vs__Génétique (éval AB)+__seed8080003__Astart,8,A,3,0,SQUARE,0.000015,14,1,1,0,0,ok
Génétique (éval AB)__vs__Génétique (éval AB)+__seed8080004__Bstart,0,B,0,0,TRIANGLE,0.000026,64,0,0,0,0,ok
Génétique (éval AB)__vs__Génétique (éval AB)+__seed8080004__Bstart,1,A,2,2,DIAMOND,5.949020,53,0,0,0,1,ok
Génétique (éval AB)__vs__Génétique (éval AB)+__seed8080004__Bstart,2,B,2,1,CIRCLE,1.237984,49,0,0,0,1,ok
Génétique (éval AB)__vs__Génétique (éval AB)+__seed8080004__Bstart,3,A,3,1,TRIANGLE,1.826545,39,0,0,0,0,ok
Génétique (éval AB)__vs__Génétique (éval AB)+__seed8080004__Bstart,4,B,1,0,SQUARE,1.230929,36,0,0,0,0,ok
Génétique (éval AB)__vs__Génétique (éval AB)+__seed8080004__Bstart,5,A,1,2,DIAMOND,1.014463,27,0,0,0,1,ok
Génétique (éval AB)__vs__Génétique (éval AB)+__seed8080004__Bstart,6,B,1,1,SQUARE,0.126006,26,0,0,0,1,ok
Génétique (éval AB)__vs__Génétique (éval AB)+__seed8080004__Bstart,7,A,0,2,CIRCLE,0.005419,14,0,0,1,0,ok
Génétique (éval AB)__vs__Génétique (éval AB)+__seed8080004__Bstart,8,B,0,1,DIAMOND,0.000022,9,1,1,0,0,ok
Génétique (éval AB)__vs__Génétique (éval AB)+__seed9090003__Astart,0,A,3,2,DIAMOND,0.000026,64,0,0,0,0,ok
Génétique (éval AB)__vs__Génétique (éval AB)+__seed9090003__Astart,1,B,1,1,TRIANGLE,1.238278,53,0,0,0,1,ok
Génétique (éval AB)__vs__Génétique (éval AB)+__seed9090003__Astart,2,A,2,1,SQUARE,3.640300,49,0,0,0,1,ok
Génétique (éval AB)__vs__Génétique (éval AB)+__seed9090003__Astart,3,B,2,2,CIRCLE,1.233218,39,0,0,0,1,ok
Génétique (éval AB)__vs__Génétique (éval AB)+__seed9090003__Astart,4,A,0,1,CIRCLE,1.181570,37,0,0,0,0,ok
Génétique (éval AB)__vs__Génétique (éval AB)+__seed9090003__Astart,5,B,1,2,CIRCLE,0.012909,29,0,0,1,1,ok
Génétique (éval AB)__vs__Génétique (éval AB)+__seed9090003__Astart,6,A,3,1,DIAMOND,0.000055,29,1,1,0,0,ok
Génétique (éval AB)__vs__Génétique (éval AB)+__seed9090004__Bstart,0,B,2,1,TRIANGLE,0.000026,64,0,0,0,1,ok
Génétique (éval AB)__vs__Génétique (éval AB)+__seed9090004__Bstart,1,A,1,2,TRIANGLE,6.234497,53,0,0,0,1,ok
Génétique (éval AB)__vs__Génétique (éval AB)+__seed9090004__Bstart,2,B,0,3,CIRCLE,1.234170,49,0,0,0,0,ok
Génétique (éval AB)__vs__Génétique (éval AB)+__seed9090004__Bstart,3,A,1,1,CIRCLE,2.407396,39,0,0,0,1,ok
Génétique (éval AB)__vs__Génétique (éval AB)+__seed9090004__Bstart,4,B,3,2,DIAMOND,1.230076,38,0,0,0,0,ok
Génétique (éval AB)__vs__Génétique (éval AB)+__seed9090004__Bstart,5,A,0,2,TRIANGLE,1.564298,26,0,0,0,0,ok
Génétique (éval AB)__vs__Génétique (éval AB)+__seed9090004__Bstart,6,B,2,2,SQUARE,0.453921,30,0,0,0,1,ok
Génétique (éval AB)__vs__Génétique (éval AB)+__seed9090004__Bstart,7,A,1,0,CIRCLE,0.085034,15,0,0,0,0,ok
Génétique (éval AB)__vs__Génétique (éval AB)+__seed9090004__Bstart,8,B,3,3,CIRCLE,0.040515,23,0,0,0,0,ok
Génétique (éval AB)__vs__Génétique (éval AB)+__seed9090004__Bstart,9,A,0,0,SQUARE,0.004014,9,0,0,1,0,ok
Génétique (éval AB)__vs__Génétique (éval AB)+__seed9090004__Bstart,10,B,2,3,TRIANGLE,0.000018,13,1,1,0,0,ok
Génétique (éval AB)__vs__Génétique (éval AB)+__seed1120003__Astart,0,A,2,2,SQUARE,0.000026,64,0,0,0,1,ok
Génétique (éval AB)__vs__Génétique (éval AB)+__seed1120003__Astart,1,B,1,1,SQUARE,1.234087,53,0,0,0,1,ok
Génétique (éval AB)__vs__Génétique (éval AB)+__seed1120003__Astart,2,A,3,0,CIRCLE,5.376843,49,0,0,0,0,ok
Génétique (éval AB)__vs__Génétique (éval AB)+__seed1120003__Astart,3,B,0,2,CIRCLE,1.233599,38,0,0,0,0,ok
Génétique (éval AB)__vs__Génétique (éval AB)+__seed1120003__Astart,4,A,3,3,TRIANGLE,1.292575,35,0,0,0,0,ok
Génétique (éval AB)__vs__Génétique (éval AB)+__seed1120003__Astart,5,B,2,3,DIAMOND,1.227008,28,0,0,0,0,ok
Génétique (éval AB)__vs__Génétique (éval AB)+__seed1120003__Astart,6,A,1,2,DIAMOND,0.141686,22,0,0,0,1,ok
Génétique (éval AB)__vs__Génétique (éval AB)+__seed1120003__Astart,7,B,2,1,TRIANGLE,0.005016,19,0,0,1,1,ok
Génétique (éval AB)__vs__Génétique (éval AB)+__seed1120003__Astart,8,A,2,0,CIRCLE,0.000020,15,1,1,0,0,ok
Génétique (éval AB)__vs__Génétique (éval AB)+__seed1120004__Bstart,0,B,2,1,SQUARE,0.000028,64,0,0,0,1,ok
Génétique (éval AB)__vs__Génétique (éval AB)+__seed1120004__Bstart,1,A,1,2,TRIANGLE,6.615676,53,0,0,0,1,ok
Génétique (éval AB)__vs__Génétique (éval AB)+__seed1120004__Bstart,2,B,1,0,CIRCLE,1.256414,49,0,0,0,0,ok
Génétique (éval AB)__vs__Génétique (éval AB)+__seed1120004__Bstart,3,A,2,3,CIRCLE,2.493373,39,0,0,0,0,ok
Génétique (éval AB)__vs__Génétique (éval AB)+__seed1120004__Bstart,4,B,3,0,DIAMOND,1.232462,36,0,0,0,0,ok
Génétique (éval AB)__vs__Génétique (éval AB)+__seed1120004__Bstart,5,A,1,1,TRIANGLE,1.003125,29,0,0,0,1,ok
Génétique (éval AB)__vs__Génétique (éval AB)+__seed1120004__Bstart,6,B,2,2,DIAMOND,0.159379,26,0,0,0,1,ok
Génétique (éval AB)__vs__Génétique (éval AB)+__seed1120004__Bstart,7,A,0,2,CIRCLE,0.004811,14,0,0,1,0,ok
Génétique (éval AB)__vs__Génétique (éval AB)+__seed1120004__Bstart,8,B,3,2,SQUARE,0.000024,11,1,1,0,0,ok
Génétique (éval AB)__vs__Génétique (éval AB)+__seed2130003__Astart,0,A,3,3,SQUARE,0.000026,64,0,0,0,0,ok
Génétique (éval AB)__vs__Génétique (éval AB)+__seed2130003__Astart,1,B,1,2,TRIANGLE,1.236166,53,0,0,0,1,ok
Génétique (éval AB)__vs__Génétique (éval AB)+__seed2130003__Astart,2,A,2,1,TRIANGLE,3.397756,49,0,0,0,1,ok
Génétique (éval AB)__vs__Génétique (éval AB)+__seed2130003__Astart,3,B,3,1,CIRCLE,1.241806,38,0,0,0,0,ok
Génétique (éval AB)__vs__Génétique (éval AB)+__seed2130003__Astart,4,A,3,2,DIAMOND,1.093830,36,0,0,0,0,ok
Génétique (éval AB)__vs__Génétique (éval AB)+__seed2130003__Astart,5,B,1,1,SQUARE,0.081804,29,0,0,1,1,ok
Génétique (éval AB)__vs__Génétique (éval AB)+__seed2130003__Astart,6,A,3,0,TRIANGLE,0.000045,28,1,1,0,0,ok
Génétique (éval AB)__vs__Génétique (éval AB)+__seed2130004__Bstart,0,B,3,2,TRIANGLE,0.000026,64,0,0,0,0,ok
Génétique (éval AB)__vs__Génétique (éval AB)+__seed2130004__Bstart,1,A,1,1,TRIANGLE,5.743023,53,0,0,0,1,ok
Génétique (éval AB)__vs__Génétique (éval AB)+__seed2130004__Bstart,2,B,0,0,DIAMOND,1.260674,49,0,0,0,0,ok
Génétique (éval AB)__vs__Génétique (éval AB)+__seed2130004__Bstart,3,A,2,2,DIAMOND,1.489154,39,0,0,0,1,ok
Génétique (éval AB)__vs__Génétique (éval AB)+__seed2130004__Bstart,4,B,0,3,CIRCLE,1.229377,36,0,0,0,0,ok
Génétique (éval AB)__vs__Génétique (éval AB)+__seed2130004__Bstart,5,A,2,1,DIAMOND,0.470616,27,0,0,0,1,ok
Génétique (éval AB)__vs__Génétique (éval AB)+__seed2130004__Bstart,6,B,1,2,SQUARE,0.102619,27,0,0,0,1,ok
Génétique (éval AB)__vs__Génétique (éval AB)+__seed2130004__Bstart,7,A,1,0,CIRCLE,0.003628,14,0,0,1,0,ok
Génétique (éval AB)__vs__Génétique (éval AB)+__seed2130004__Bstart,8,B,0,2,CIRCLE,0.000019,18,1,1,0,0,ok
Génétique (éval AB)__vs__Génétique (éval AB)+__seed3140003__Astart,0,A,2,1,DIAMOND,0.000026,64,0,0,0,1,ok
Génétique (éval AB)__vs__Génétique (éval AB)+__seed3140003__Astart,1,B,2,2,SQUARE,1.296319,53,0,0,0,1,ok
Génétique (éval AB)__vs__Génétique (éval AB)+__seed3140003__Astart,2,A,1,2,TRIANGLE,4.142296,50,0,0,0,1,ok
Génétique (éval AB)__vs__Génétique (éval AB)+__seed3140003__Astart,3,B,0,3,CIRCLE,1.232436,40,0,0,0,0,ok
Génétique (éval AB)__vs__Génétique (éval AB)+__seed3140003__Astart,4,A,1,0,SQUARE,1.222247,37,0,0,0,0,ok
Génétique (éval AB)__vs__Génétique (éval AB)+__seed3140003__Astart,5,B,3,2,DIAMOND,1.226607,28,0,0,0,0,ok
Génétique (éval AB)__vs__Génétique (éval AB)+__seed3140003__Astart,6,A,1,1,TRIANGLE,0.010946,25,0,0,1,1,ok
Génétique (éval AB)__vs__Génétique (éval AB)+__seed3140003__Astart,7,B,0,2,CIRCLE,0.000022,21,1,1,0,0,ok
Génétique (éval AB)__vs__Génétique (éval AB)+__seed3140004__Bstart,0,B,0,2,TRIANGLE,0.000029,64,0,0,0,0,ok
Génétique (éval AB)__vs__Génétique (éval AB)+__seed3140004__Bstart,1,A,2,1,TRIANGLE,5.980832,53,0,0,0,1,ok
Génétique (éval AB)__vs__Génétique (éval AB)+__seed3140004__Bstart,2,B,1,1,SQUARE,1.234151,49,0,0,0,1,ok
Génétique (éval AB)__vs__Génétique (éval AB)+__seed3140004__Bstart,3,A,2,2,SQUARE,2.234605,39,0,0,0,1,ok
Génétique (éval AB)__vs__Génétique (éval AB)+__seed3140004__Bstart,4,B,3,0,CIRCLE,1.230923,38,0,0,0,0,ok
Génétique (éval AB)__vs__Génétique (éval AB)+__seed3140004__Bstart,5,A,3,3,DIAMOND,1.202053,26,0,0,0,0,ok
Génétique (éval AB)__vs__Génétique (éval AB)+__seed3140004__Bstart,6,B,1,0,DIAMOND,0.355285,27,0,0,0,0,ok
Génétique (éval AB)__vs__Génétique (éval AB)+__seed3140004__Bstart,7,A,3,2,SQUARE,0.106716,16,0,0,0,0,ok
Génétique (éval AB)__vs__Génétique (éval AB)+__seed3140004__Bstart,8,B,3,1,CIRCLE,0.041748,20,0,0,0,0,ok
Génétique (éval AB)__vs__Génétique (éval AB)+__seed3140004__Bstart,9,A,0,3,DIAMOND,0.031706,8,0,0,0,0,ok
Génétique (éval AB)__vs__Génétique (éval AB)+__seed3140004__Bstart,10,B,0,0,TRIANGLE,0.015832,7,0,0,0,0,ok
Génétique (éval AB)__vs__Génétique (éval AB)+__seed3140004__Bstart,11,A,1,3,CIRCLE,0.009621,4,0,0,0,0,ok
Génétique (éval AB)__vs__Génétique (éval AB)+__seed3140004__Bstart,12,B,2,0,DIAMOND,0.002502,2,0,0,1,0,ok
Génétique (éval AB)__vs__Génétique (éval AB)+__seed3140004__Bstart,13,A,2,3,CIRCLE,0.000007,3,1,1,0,0,ok
Génétique (éval AB)__vs__Génétique (éval AB)+__seed4150003__Astart,0,A,2,1,SQUARE,0.000026,64,0,0,0,1,ok
Génétique (éval AB)__vs__Génétique (éval AB)+__seed4150003__Astart,1,B,3,3,TRIANGLE,1.438853,53,0,0,0,0,ok
Génétique (éval AB)__vs__Génétique (éval AB)+__seed4150003__Astart,2,A,1,2,CIRCLE,3.872753,49,0,0,0,1,ok
Génétique (éval AB)__vs__Génétique (éval AB)+__seed4150003__Astart,3,B,1,1,DIAMOND,1.232963,38,0,0,0,1,ok
Génétique (éval AB)__vs__Génétique (éval AB)+__seed4150003__Astart,4,A,0,0,TRIANGLE,1.640026,36,0,0,0,0,ok
Génétique (éval AB)__vs__Génétique (éval AB)+__seed4150003__Astart,5,B,2,0,CIRCLE,1.225941,26,0,0,0,0,ok
Génétique (éval AB)__vs__Génétique (éval AB)+__seed4150003__Astart,6,A,1,3,SQUARE,0.329987,24,0,0,0,0,ok
Génétique (éval AB)__vs__Génétique (éval AB)+__seed4150003__Astart,7,B,2,2,TRIANGLE,0.005149,18,0,0,1,1,ok
Génétique (éval AB)__vs__Génétique (éval AB)+__seed4150003__Astart,8,A,1,0,TRIANGLE,0.000019,11,1,1,0,0,ok
Génétique (éval AB)__vs__Génétique (éval AB)+__seed4150004__Bstart,0,B,3,0,CIRCLE,0.000025,64,0,0,0,0,ok
Génétique (éval AB)__vs__Génétique (éval AB)+__seed4150004__Bstart,1,A,1,2,TRIANGLE,6.487071,53,0,0,0,1,ok
Génétique (éval AB)__vs__Génétique (éval AB)+__seed4150004__Bstart,2,B,1,1,DIAMOND,1.233818,49,0,0,0,1,ok
Génétique (éval AB)__vs__Génétique (éval AB)+__seed4150004__Bstart,3,A,2,3,SQUARE,1.506335,39,0,0,0,0,ok
Génétique (éval AB)__vs__Génétique (éval AB)+__seed4150004__Bstart,4,B,2,1,TRIANGLE,1.231198,35,0,0,0,1,ok
Génétique (éval AB)__vs__Génétique (éval AB)+__seed4150004__Bstart,5,A,2,2,CIRCLE,0.233403,29,0,0,1,1,ok
Génétique (éval AB)__vs__Génétique (éval AB)+__seed4150004__Bstart,6,B,2,0,DIAMOND,0.000050,26,1,1,0,0,ok
Génétique (éval AB)__vs__Génétique (éval AB)+__seed5160003__Astart,0,A,1,1,CIRCLE,0.000026,64,0,0,0,1,ok
Génétique (éval AB)__vs__Génétique (éval AB)+__seed5160003__Astart,1,B,2,2,CIRCLE,1.234102,53,0,0,0,1,ok
Génétique (éval AB)__vs__Génétique (éval AB)+__seed5160003__Astart,2,A,2,0,TRIANGLE,6.925253,49,0,0,0,0,ok
Génétique (éval AB)__vs__Génétique (éval AB)+__seed5160003__Astart,3,B,0,1,SQUARE,1.236001,39,0,0,0,0,ok
Génétique (éval AB)__vs__Génétique (éval AB)+__seed5160003__Astart,4,A,3,1,DIAMOND,1.428879,36,0,0,0,0,ok
Génétique (éval AB)__vs__Génétique (éval AB)+__seed5160003__Astart,5,B,2,1,SQUARE,0.006621,30,0,0,1,1,ok
Génétique (éval AB)__vs__Génétique (éval AB)+__seed5160003__Astart,6,A,3,0,CIRCLE,0.000024,29,1,1,0,0,ok
Génétique (éval AB)__vs__Génétique (éval AB)+__seed5160004__Bstart,0,B,2,1,SQUARE,0.000025,64,0,0,0,1,ok
Génétique (éval AB)__vs__Génétique (éval AB)+__seed5160004__Bstart,1,A,1,1,TRIANGLE,6.659269,53,0,0,0,1,ok
Génétique (éval AB)__vs__Génétique (éval AB)+__seed5160004__Bstart,2,B,1,2,CIRCLE,1.232900,50,0,0,0,1,ok
Génétique (éval AB)__vs__Génétique (éval AB)+__seed5160004__Bstart,3,A,0,3,DIAMOND,2.561776,40,0,0,0,0,ok
Génétique (éval AB)__vs__Génétique (éval AB)+__seed5160004__Bstart,4,B,3,2,DIAMOND,1.230996,37,0,0,0,0,ok
Génétique (éval AB)__vs__Génétique (éval AB)+__seed5160004__Bstart,5,A,1,0,SQUARE,0.634322,28,0,0,0,0,ok
Génétique (éval AB)__vs__Génétique (éval AB)+__seed5160004__Bstart,6,B,2,2,SQUARE,0.020912,25,0,0,1,1,ok
Génétique (éval AB)__vs__Génétique (éval AB)+__seed5160004__Bstart,7,A,0,2,TRIANGLE,0.000033,22,1,1,0,0,ok
Génétique (éval AB)__vs__Génétique (éval AB)+__seed6170003__Astart,0,A,0,3,SQUARE,0.000026,64,0,0,0,0,ok
Génétique (éval AB)__vs__Génétique (éval AB)+__seed6170003__Astart,1,B,2,1,DIAMOND,1.353374,53,0,0,0,1,ok
Génétique (éval AB)__vs__Génétique (éval AB)+__seed6170003__Astart,2,A,2,2,CIRCLE,3.352027,49,0,0,0,1,ok
Génétique (éval AB)__vs__Génétique (éval AB)+__seed6170003__Astart,3,B,1,2,TRIANGLE,1.233144,39,0,0,0,1,ok
Génétique (éval AB)__vs__Génétique (éval AB)+__seed6170003__Astart,4,A,3,2,DIAMOND,1.257027,37,0,0,0,0,ok
Génétique (éval AB)__vs__Génétique (éval AB)+__seed6170003__Astart,5,B,1,1,TRIANGLE,0.016275,29,0,0,1,1,ok
Génétique (éval AB)__vs__Génétique (éval AB)+__seed6170003__Astart,6,A,0,2,SQUARE,0.000037,29,1,1,0,0,ok
Génétique (éval AB)__vs__Génétique (éval AB)+__seed6170004__Bstart,0,B,3,2,CIRCLE,0.000025,64,0,0,0,0,ok
Génétique (éval AB)__vs__Génétique (éval AB)+__seed6170004__Bstart,1,A,2,1,CIRCLE,6.118864,53,0,0,0,1,ok
Génétique (éval AB)__vs__Génétique (éval AB)+__seed6170004__Bstart,2,B,1,1,SQUARE,1.235215,49,0,0,0,1,ok
Génétique (éval AB)__vs__Génétique (éval AB)+__seed6170004__Bstart,3,A,0,3,SQUARE,2.863018,39,0,0,0,0,ok
Génétique (éval AB)__vs__Génétique (éval AB)+__seed6170004__Bstart,4,B,1,3,TRIANGLE,1.231091,35,0,0,0,0,ok
Génétique (éval AB)__vs__Génétique (éval AB)+__seed6170004__Bstart,5,A,2,2,SQUARE,1.030557,27,0,0,0,1,ok
Génétique (éval AB)__vs__Génétique (éval AB)+__seed6170004__Bstart,6,B,0,0,TRIANGLE,0.177081,28,0,0,0,0,ok
Génétique (éval AB)__vs__Génétique (éval AB)+__seed6170004__Bstart,7,A,1,2,DIAMOND,0.010793,13,0,0,1,1,ok
Génétique (éval AB)__vs__Génétique (éval AB)+__seed6170004__Bstart,8,B,0,2,CIRCLE,0.000013,12,1,1,0,0,ok
Génétique (éval AB)__vs__Génétique (éval AB)+__seed7180003__Astart,0,A,0,0,SQUARE,0.000026,64,0,0,0,0,ok
Génétique (éval AB)__vs__Génétique (éval AB)+__seed7180003__Astart,1,B,2,1,DIAMOND,1.235542,53,0,0,0,1,ok
Génétique (éval AB)__vs__Génétique (éval AB)+__seed7180003__Astart,2,A,1,2,CIRCLE,3.835237,49,0,0,0,1,ok
Génétique (éval AB)__vs__Génétique (éval AB)+__seed7180003__Astart,3,B,1,0,TRIANGLE,1.233518,38,0,0,0,0,ok
Génétique (éval AB)__vs__Génétique (éval AB)+__seed7180003__Astart,4,A,1,3,DIAMOND,1.122940,36,0,0,0,0,ok
Génétique (éval AB)__vs__Génétique (éval AB)+__seed7180003__Astart,5,B,3,1,SQUARE,0.592446,28,0,0,0,0,ok
Génétique (éval AB)__vs__Génétique (éval AB)+__seed7180003__Astart,6,A,0,2,TRIANGLE,0.282936,24,0,0,0,0,ok
Génétique (éval AB)__vs__Génétique (éval AB)+__seed7180003__Astart,7,B,2,2,SQUARE,0.007237,19,0,0,1,1,ok
Génétique (éval AB)__vs__Génétique (éval AB)+__seed7180003__Astart,8,A,0,3,SQUARE,0.000028,16,1,1,0,0,ok
Génétique (éval AB)__vs__Génétique (éval AB)+__seed7180004__Bstart,0,B,1,1,CIRCLE,0.000027,64,0,0,0,1,ok
Génétique (éval AB)__vs__Génétique (éval AB)+__seed7180004__Bstart,1,A,2,2,DIAMOND,7.934156,53,0,0,0,1,ok
Génétique (éval AB)__vs__Génétique (éval AB)+__seed7180004__Bstart,2,B,0,3,TRIANGLE,1.235461,49,0,0,0,0,ok
Génétique (éval AB)__vs__Génétique (éval AB)+__seed7180004__Bstart,3,A,3,0,TRIANGLE,1.877123,38,0,0,0,0,ok
Génétique (éval AB)__vs__Génétique (éval AB)+__seed7180004__Bstart,4,B,0,0,DIAMOND,1.230980,34,0,0,0,0,ok
Génétique (éval AB)__vs__Génétique (éval AB)+__seed7180004__Bstart,5,A,2,1,DIAMOND,1.005155,28,0,0,0,1,ok
Génétique (éval AB)__vs__Génétique (éval AB)+__seed7180004__Bstart,6,B,1,2,TRIANGLE,0.293056,27,0,0,0,1,ok
Génétique (éval AB)__vs__Génétique (éval AB)+__seed7180004__Bstart,7,A,0,2,CIRCLE,0.022285,16,0,0,1,0,ok
Génétique (éval AB)__vs__Génétique (éval AB)+__seed7180004__Bstart,8,B,0,1,SQUARE,0.000020,15,1,1,0,0,ok
Génétique (éval AB)__vs__Génétique (éval AB)+__seed8190003__Astart,0,A,0,0,TRIANGLE,0.000026,64,0,0,0,0,ok
Génétique (éval AB)__vs__Génétique (éval AB)+__seed8190003__Astart,1,B,3,3,DIAMOND,1.373409,53,0,0,0,0,ok
Génétique (éval AB)__vs__Génétique (éval AB)+__seed8190003__Astart,2,A,2,1,DIAMOND,2.941201,49,0,0,0,1,ok
Génétique (éval AB)__vs__Génétique (éval AB)+__seed8190003__Astart,3,B,1,2,SQUARE,1.233429,38,0,0,0,1,ok
Génétique (éval AB)__vs__Génétique (éval AB)+__seed8190003__Astart,4,A,3,1,SQUARE,1.283922,34,0,0,0,0,ok
Génétique (éval AB)__vs__Génétique (éval AB)+__seed8190003__Astart,5,B,2,2,TRIANGLE,0.517591,26,0,0,0,1,ok
Génétique (éval AB)__vs__Génétique (éval AB)+__seed8190003__Astart,6,A,1,1,CIRCLE,0.139348,25,0,0,0,1,ok
Génétique (éval AB)__vs__Génétique (éval AB)+__seed8190003__Astart,7,B,0,2,CIRCLE,0.005890,19,0,0,1,0,ok
Génétique (éval AB)__vs__Génétique (éval AB)+__seed8190003__Astart,8,A,0,1,TRIANGLE,0.000027,16,1,1,0,0,ok
Génétique (éval AB)__vs__Génétique (éval AB)+__seed8190004__Bstart,0,B,2,0,CIRCLE,0.000027,64,0,0,0,0,ok
Génétique (éval AB)__vs__Génétique (éval AB)+__seed8190004__Bstart,1,A,1,1,CIRCLE,7.111131,53,0,0,0,1,ok
Génétique (éval AB)__vs__Génétique (éval AB)+__seed8190004__Bstart,2,B,2,1,SQUARE,1.269168,49,0,0,0,1,ok
Génétique (éval AB)__vs__Génétique (éval AB)+__seed8190004__Bstart,3,A,3,2,SQUARE,2.400728,41,0,0,0,0,ok
Génétique (éval AB)__vs__Génétique (éval AB)+__seed8190004__Bstart,4,B,3,3,DIAMOND,1.230786,35,0,0,0,0,ok
Génétique (éval AB)__vs__Génétique (éval AB)+__seed8190004__Bstart,5,A,2,2,TRIANGLE,0.926642,27,0,0,1,1,ok
Génétique (éval AB)__vs__Génétique (éval AB)+__seed8190004__Bstart,6,B,2,3,CIRCLE,0.000024,26,1,1,0,0,ok
Génétique (éval AB)__vs__Génétique (éval AB)+__seed9200003__Astart,0,A,0,2,TRIANGLE,0.000026,64,0,0,0,0,ok
Génétique (éval AB)__vs__Génétique (éval AB)+__seed9200003__Astart,1,B,1,1,CIRCLE,1.273115,53,0,0,0,1,ok
Génétique (éval AB)__vs__Génétique (éval AB)+__seed9200003__Astart,2,A,1,0,DIAMOND,5.182039,49,0,0,0,0,ok
Génétique (éval AB)__vs__Génétique (éval AB)+__seed9200003__Astart,3,B,2,2,SQUARE,1.231885,39,0,0,0,1,ok
Génétique (éval AB)__vs__Génétique (éval AB)+__seed9200003__Astart,4,A,0,1,SQUARE,1.066739,36,0,0,0,0,ok
Génétique (éval AB)__vs__Génétique (éval AB)+__seed9200003__Astart,5,B,1,2,CIRCLE,0.020940,30,0,0,1,1,ok
Génétique (éval AB)__vs__Génétique (éval AB)+__seed9200003__Astart,6,A,0,0,TRIANGLE,0.000033,29,1,1,0,0,ok
Génétique (éval AB)__vs__Génétique (éval AB)+__seed9200004__Bstart,0,B,1,1,SQUARE,0.000026,64,0,0,0,1,ok
Génétique (éval AB)__vs__Génétique (éval AB)+__seed9200004__Bstart,1,A,2,1,CIRCLE,7.857710,53,0,0,0,1,ok
Génétique (éval AB)__vs__Génétique (éval AB)+__seed9200004__Bstart,2,B,2,2,DIAMOND,1.235106,50,0,0,0,1,ok
Génétique (éval AB)__vs__Génétique (éval AB)+__seed9200004__Bstart,3,A,3,0,TRIANGLE,1.622917,40,0,0,0,0,ok
Génétique (éval AB)__vs__Génétique (éval AB)+__seed9200004__Bstart,4,B,0,3,TRIANGLE,1.230731,38,0,0,0,0,ok
Génétique (éval AB)__vs__Génétique (éval AB)+__seed9200004__Bstart,5,A,2,3,SQUARE,0.860399,25,0,0,0,0,ok
Génétique (éval AB)__vs__Génétique (éval AB)+__seed9200004__Bstart,6,B,2,0,DIAMOND,0.370621,27,0,0,0,0,ok
Génétique (éval AB)__vs__Génétique (éval AB)+__seed9200004__Bstart,7,A,3,1,TRIANGLE,0.117640,17,0,0,0,0,ok
Génétique (éval AB)__vs__Génétique (éval AB)+__seed9200004__Bstart,8,B,0,1,SQUARE,0.070529,15,0,0,0,0,ok
Génétique (éval AB)__vs__Génétique (éval AB)+__seed9200004__Bstart,9,A,1,3,DIAMOND,0.015302,10,0,0,1,0,ok
Génétique (éval AB)__vs__Génétique (éval AB)+__seed9200004__Bstart,10,B,3,3,CIRCLE,0.000017,8,1,1,0,0,ok
Génétique (éval AB)__vs__Génétique (éval AB)+__seed1010005__Astart,0,A,2,3,DIAMOND,0.000027,64,0,0,0,0,ok
Génétique (éval AB)__vs__Génétique (éval AB)+__seed1010005__Astart,1,B,1,2,SQUARE,1.235830,53,0,0,0,1,ok
Génétique (éval AB)__vs__Génétique (éval AB)+__seed1010005__Astart,2,A,1,1,TRIANGLE,5.029800,49,0,0,0,1,ok
Génétique (éval AB)__vs__Génétique (éval AB)+__seed1010005__Astart,3,B,2,1,CIRCLE,1.233349,39,0,0,0,1,ok
Génétique (éval AB)__vs__Génétique (éval AB)+__seed1010005__Astart,4,A,3,3,SQUARE,1.138605,37,0,0,0,0,ok
Génétique (éval AB)__vs__Génétique (éval AB)+__seed1010005__Astart,5,B,2,2,CIRCLE,0.248912,28,0,0,1,1,ok
Génétique (éval AB)__vs__Génétique (éval AB)+__seed1010005__Astart,6,A,3,2,TRIANGLE,0.000047,29,1,1,0,0,ok
Génétique (éval AB)__vs__Génétique (éval AB)+__seed1010006__Bstart,0,B,1,2,DIAMOND,0.000027,64,0,0,0,1,ok
Génétique (éval AB)__vs__Génétique (éval AB)+__seed1010006__Bstart,1,A,2,2,SQUARE,6.178420,53,0,0,0,1,ok
Génétique (éval AB)__vs__Génétique (éval AB)+__seed1010006__Bstart,2,B,3,0,TRIANGLE,1.516480,50,0,0,0,0,ok
Génétique (éval AB)__vs__Génétique (éval AB)+__seed1010006__Bstart,3,A,0,1,CIRCLE,1.302127,39,0,0,0,0,ok
Génétique (éval AB)__vs__Génétique (éval AB)+__seed1010006__Bstart,4,B,2,3,CIRCLE,1.230653,35,0,0,0,0,ok
Génétique (éval AB)__vs__Génétique (éval AB)+__seed1010006__Bstart,5,A,1,3,TRIANGLE,1.107760,25,0,0,0,0,ok
Génétique (éval AB)__vs__Génétique (éval AB)+__seed1010006__Bstart,6,B,3,1,SQUARE,0.327184,23,0,0,0,0,ok
Génétique (éval AB)__vs__Génétique (éval AB)+__seed1010006__Bstart,7,A,1,1,CIRCLE,0.024377,15,0,0,1,1,ok
Génétique (éval AB)__vs__Génétique (éval AB)+__seed1010006__Bstart,8,B,1,0,SQUARE,0.000030,18,1,1,0,0,ok
Génétique (éval AB)__vs__Génétique (éval AB)+__seed2020005__Astart,0,A,3,3,DIAMOND,0.000030,64,0,0,0,0,ok
Génétique (éval AB)__vs__Génétique (éval AB)+__seed2020005__Astart,1,B,2,1,CIRCLE,1.235427,53,0,0,0,1,ok
Génétique (éval AB)__vs__Génétique (éval AB)+__seed2020005__Astart,2,A,1,2,TRIANGLE,3.311908,49,0,0,0,1,ok
Génétique (éval AB)__vs__Génétique (éval AB)+__seed2020005__Astart,3,B,1,3,SQUARE,1.234240,38,0,0,0,0,ok
Génétique (éval AB)__vs__Génétique (éval AB)+__seed2020005__Astart,4,A,0,2,CIRCLE,1.043774,36,0,0,0,0,ok
Génétique (éval AB)__vs__Génétique (éval AB)+__seed2020005__Astart,5,B,1,1,CIRCLE,0.043988,28,0,0,1,1,ok
Génétique (éval AB)__vs__Génétique (éval AB)+__seed2020005__Astart,6,A,0,3,DIAMOND,0.000048,29,1,1,0,0,ok
Génétique (éval AB)__vs__Génétique (éval AB)+__seed2020006__Bstart,0,B,0,1,CIRCLE,0.000026,64,0,0,0,0,ok
Génétique (éval AB)__vs__Génétique (éval AB)+__seed2020006__Bstart,1,A,2,2,SQUARE,7.598116,53,0,0,0,1,ok
Génétique (éval AB)__vs__Génétique (éval AB)+__seed2020006__Bstart,2,B,1,2,TRIANGLE,1.333112,49,0,0,0,1,ok
Génétique (éval AB)__vs__Génétique (éval AB)+__seed2020006__Bstart,3,A,3,1,TRIANGLE,2.089526,39,0,0,0,0,ok
Génétique (éval AB)__vs__Génétique (éval AB)+__seed2020006__Bstart,4,B,0,0,DIAMOND,1.230882,36,0,0,0,0,ok
Génétique (éval AB)__vs__Génétique (éval AB)+__seed2020006__Bstart,5,A,1,1,SQUARE,0.707867,27,0,0,1,1,ok
Génétique (éval AB)__vs__Génétique (éval AB)+__seed2020006__Bstart,6,B,1,0,TRIANGLE,0.000043,27,1,1,0,0,ok
Génétique (éval AB)__vs__Génétique (éval AB)+__seed3030005__Astart,0,A,1,2,CIRCLE,0.000030,64,0,0,0,1,ok
Génétique (éval AB)__vs__Génétique (éval AB)+__seed3030005__Astart,1,B,2,1,DIAMOND,1.242337,53,0,0,0,1,ok
Génétique (éval AB)__vs__Génétique (éval AB)+__seed3030005__Astart,2,A,0,1,SQUARE,5.122515,49,0,0,0,0,ok
Génétique (éval AB)__vs__Génétique (éval AB)+__seed3030005__Astart,3,B,3,2,SQUARE,1.234418,39,0,0,0,0,ok
Génétique (éval AB)__vs__Génétique (éval AB)+__seed3030005__Astart,4,A,3,1,TRIANGLE,1.953271,36,0,0,0,0,ok
Génétique (éval AB)__vs__Génétique (éval AB)+__seed3030005__Astart,5,B,2,2,TRIANGLE,0.405372,29,0,0,1,1,ok
Génétique (éval AB)__vs__Génétique (éval AB)+__seed3030005__Astart,6,A,1,1,CIRCLE,0.000031,28,1,1,0,1,ok
Génétique (éval AB)__vs__Génétique (éval AB)+__seed3030006__Bstart,0,B,1,3,DIAMOND,0.000027,64,0,0,0,0,ok
Génétique (éval AB)__vs__Génétique (éval AB)+__seed3030006__Bstart,1,A,2,1,TRIANGLE,5.469380,53,0,0,0,1,ok
Génétique (éval AB)__vs__Génétique (éval AB)+__seed3030006__Bstart,2,B,2,2,SQUARE,1.234256,49,0,0,0,1,ok
Génétique (éval AB)__vs__Génétique (éval AB)+__seed3030006__Bstart,3,A,0,0,SQUARE,1.424650,39,0,0,0,0,ok
Génétique (éval AB)__vs__Génétique (éval AB)+__seed3030006__Bstart,4,B,3,3,CIRCLE,1.231584,35,0,0,0,0,ok
Génétique (éval AB)__vs__Génétique (éval AB)+__seed3030006__Bstart,5,A,1,2,TRIANGLE,1.229961,28,0,0,0,1,ok
Génétique (éval AB)__vs__Génétique (éval AB)+__seed3030006__Bstart,6,B,3,1,SQUARE,0.113623,23,0,0,0,0,ok
Génétique (éval AB)__vs__Génétique (éval AB)+__seed3030006__Bstart,7,A,1,1,CIRCLE,0.011214,11,0,0,1,1,ok
Génétique (éval AB)__vs__Génétique (éval AB)+__seed3030006__Bstart,8,B,0,1,DIAMOND,0.000027,14,1,1,0,0,ok
Génétique (éval AB)__vs__Génétique (éval AB)+__seed4040005__Astart,0,A,2,2,DIAMOND,0.000033,64,0,0,0,1,ok
Génétique (éval AB)__vs__Génétique (éval AB)+__seed4040005__Astart,1,B,2,1,CIRCLE,1.238085,53,0,0,0,1,ok
Génétique (éval AB)__vs__Génétique (éval AB)+__seed4040005__Astart,2,A,1,1,TRIANGLE,4.395715,50,0,0,0,1,ok
Génétique (éval AB)__vs__Génétique (éval AB)+__seed4040005__Astart,3,B,3,3,SQUARE,1.232720,40,0,0,0,0,ok
Génétique (éval AB)__vs__Génétique (éval AB)+__seed4040005__Astart,4,A,1,2,SQUARE,1.621039,37,0,0,0,1,ok
Génétique (éval AB)__vs__Génétique (éval AB)+__seed4040005__Astart,5,B,0,3,TRIANGLE,1.227832,30,0,0,0,0,ok
Génétique (éval AB)__vs__Génétique (éval AB)+__seed4040005__Astart,6,A,1,0,TRIANGLE,0.274829,25,0,0,0,0,ok
Génétique (éval AB)__vs__Génétique (éval AB)+__seed4040005__Astart,7,B,3,2,CIRCLE,0.085591,23,0,0,0,0,ok
Génétique (éval AB)__vs__Génétique (éval AB)+__seed4040005__Astart,8,A,0,0,CIRCLE,0.003672,14,0,0,1,0,ok
Génétique (éval AB)__vs__Génétique (éval AB)+__seed4040005__Astart,9,B,0,2,TRIANGLE,0.000019,11,1,1,0,0,ok
Génétique (éval AB)__vs__Génétique (éval AB)+__seed4040006__Bstart,0,B,1,0,DIAMOND,0.000026,64,0,0,0,0,ok
Génétique (éval AB)__vs__Génétique (éval AB)+__seed4040006__Bstart,1,A,2,2,CIRCLE,5.843624,53,0,0,0,1,ok
Génétique (éval AB)__vs__Génétique (éval AB)+__seed4040006__Bstart,2,B,2,1,SQUARE,1.236256,49,0,0,0,1,ok
Génétique (éval AB)__vs__Génétique (éval AB)+__seed4040006__Bstart,3,A,0,3,TRIANGLE,2.136893,39,0,0,0,0,ok
Génétique (éval AB)__vs__Génétique (éval AB)+__seed4040006__Bstart,4,B,3,0,TRIANGLE,1.231293,35,0,0,0,0,ok
Génétique (éval AB)__vs__Génétique (éval AB)+__seed4040006__Bstart,5,A,1,1,TRIANGLE,0.994151,28,0,0,0,1,ok
Génétique (éval AB)__vs__Génétique (éval AB)+__seed4040006__Bstart,6,B,1,2,DIAMOND,0.233673,26,0,0,0,1,ok
Génétique (éval AB)__vs__Génétique (éval AB)+__seed4040006__Bstart,7,A,0,0,CIRCLE,0.034350,17,0,0,1,0,ok
Génétique (éval AB)__vs__Génétique (éval AB)+__seed4040006__Bstart,8,B,0,1,SQUARE,0.000017,12,1,1,0,0,ok
Génétique (éval AB)__vs__Génétique (éval AB)+__seed5050005__Astart,0,A,2,0,DIAMOND,0.000027,64,0,0,0,0,ok
Génétique (éval AB)__vs__Génétique (éval AB)+__seed5050005__Astart,1,B,2,1,CIRCLE,1.234768,53,0,0,0,1,ok
Génétique (éval AB)__vs__Génétique (éval AB)+__seed5050005__Astart,2,A,1,2,SQUARE,3.070186,50,0,0,0,1,ok
Génétique (éval AB)__vs__Génétique (éval AB)+__seed5050005__Astart,3,B,1,0,TRIANGLE,1.232453,39,0,0,0,0,ok
Génétique (éval AB)__vs__Génétique (éval AB)+__seed5050005__Astart,4,A,2,3,TRIANGLE,1.084094,37,0,0,0,0,ok
Génétique (éval AB)__vs__Génétique (éval AB)+__seed5050005__Astart,5,B,1,1,TRIANGLE,0.230052,29,0,0,1,1,ok
Génétique (éval AB)__vs__Génétique (éval AB)+__seed5050005__Astart,6,A,2,2,SQUARE,0.000043,31,1,1,0,1,ok
Génétique (éval AB)__vs__Génétique (éval AB)+__seed5050006__Bstart,0,B,1,0,DIAMOND,0.000030,64,0,0,0,0,ok
Génétique (éval AB)__vs__Génétique (éval AB)+__seed5050006__Bstart,1,A,2,1,DIAMOND,6.135464,53,0,0,0,1,ok
Génétique (éval AB)__vs__Génétique (éval AB)+__seed5050006__Bstart,2,B,2,2,CIRCLE,1.234736,49,0,0,0,1,ok
Génétique (éval AB)__vs__Génétique (éval AB)+__seed5050006__Bstart,3,A,1,1,CIRCLE,2.207285,39,0,0,0,1,ok
Génétique (éval AB)__vs__Génétique (éval AB)+__seed5050006__Bstart,4,B,0,3,TRIANGLE,1.231796,38,0,0,0,0,ok
Génétique (éval AB)__vs__Génétique (éval AB)+__seed5050006__Bstart,5,A,1,2,SQUARE,0.362195,25,0,0,1,1,ok
Génétique (éval AB)__vs__Génétique (éval AB)+__seed5050006__Bstart,6,B,1,3,TRIANGLE,0.000048,28,1,1,0,0,ok
Génétique (éval AB)__vs__Génétique (éval AB)+__seed6060005__Astart,0,A,0,2,SQUARE,0.000030,64,0,0,0,0,ok
Génétique (éval AB)__vs__Génétique (éval AB)+__seed6060005__Astart,1,B,3,0,TRIANGLE,1.271716,53,0,0,0,0,ok
Génétique (éval AB)__vs__Génétique (éval AB)+__seed6060005__Astart,2,A,1,1,DIAMOND,3.554002,49,0,0,0,1,ok
Génétique (éval AB)__vs__Génétique (éval AB)+__seed6060005__Astart,3,B,2,2,CIRCLE,1.234686,38,0,0,0,1,ok
Génétique (éval AB)__vs__Génétique (éval AB)+__seed6060005__Astart,4,A,0,0,CIRCLE,1.711424,35,0,0,0,0,ok
Génétique (éval AB)__vs__Génétique (éval AB)+__seed6060005__Astart,5,B,2,3,DIAMOND,1.226365,29,0,0,0,0,ok
Génétique (éval AB)__vs__Génétique (éval AB)+__seed6060005__Astart,6,A,0,3,TRIANGLE,0.208504,23,0,0,0,0,ok
Génétique (éval AB)__vs__Génétique (éval AB)+__seed6060005__Astart,7,B,1,2,CIRCLE,0.006868,19,0,0,1,1,ok
Génétique (éval AB)__vs__Génétique (éval AB)+__seed6060005__Astart,8,A,0,1,DIAMOND,0.000038,15,1,1,0,0,ok
Génétique (éval AB)__vs__Génétique (éval AB)+__seed6060006__Bstart,0,B,0,3,TRIANGLE,0.000031,64,0,0,0,0,ok
Génétique (éval AB)__vs__Génétique (éval AB)+__seed6060006__Bstart,1,A,2,1,DIAMOND,6.558964,53,0,0,0,1,ok
Génétique (éval AB)__vs__Génétique (éval AB)+__seed6060006__Bstart,2,B,1,1,CIRCLE,1.234960,49,0,0,0,1,ok
Génétique (éval AB)__vs__Génétique (éval AB)+__seed6060006__Bstart,3,A,3,2,SQUARE,1.832846,39,0,0,0,0,ok
Génétique (éval AB)__vs__Génétique (éval AB)+__seed6060006__Bstart,4,B,1,2,DIAMOND,1.230828,35,0,0,0,1,ok
Génétique (éval AB)__vs__Génétique (éval AB)+__seed6060006__Bstart,5,A,2,2,SQUARE,0.463903,29,0,0,0,1,ok
Génétique (éval AB)__vs__Génétique (éval AB)+__seed6060006__Bstart,6,B,2,0,CIRCLE,0.243913,29,0,0,0,0,ok
Génétique (éval AB)__vs__Génétique (éval AB)+__seed6060006__Bstart,7,A,0,2,CIRCLE,0.013165,11,0,0,1,0,ok
Génétique (éval AB)__vs__Génétique (éval AB)+__seed6060006__Bstart,8,B,1,3,SQUARE,0.000019,16,1,1,0,0,ok
Génétique (éval AB)__vs__Génétique (éval AB)+__seed7070005__Astart,0,A,1,1,SQUARE,0.000028,64,0,0,0,1,ok
Génétique (éval AB)__vs__Génétique (éval AB)+__seed7070005__Astart,1,B,2,2,TRIANGLE,1.237211,53,0,0,0,1,ok
Génétique (éval AB)__vs__Génétique (éval AB)+__seed7070005__Astart,2,A,3,0,TRIANGLE,5.740241,49,0,0,0,0,ok
Génétique (éval AB)__vs__Génétique (éval AB)+__seed7070005__Astart,3,B,1,3,CIRCLE,1.234126,38,0,0,0,0,ok
Génétique (éval AB)__vs__Génétique (éval AB)+__seed7070005__Astart,4,A,1,2,DIAMOND,1.701007,35,0,0,0,1,ok
Génétique (éval AB)__vs__Génétique (éval AB)+__seed7070005__Astart,5,B,2,1,DIAMOND,0.093060,28,0,0,1,1,ok
Génétique (éval AB)__vs__Génétique (éval AB)+__seed7070005__Astart,6,A,1,0,TRIANGLE,0.000046,26,1,1,0,0,ok
Génétique (éval AB)__vs__Génétique (éval AB)+__seed7070006__Bstart,0,B,3,1,TRIANGLE,0.000027,64,0,0,0,0,ok
Génétique (éval AB)__vs__Génétique (éval AB)+__seed7070006__Bstart,1,A,2,2,TRIANGLE,6.071421,53,0,0,0,1,ok
Génétique (éval AB)__vs__Génétique (éval AB)+__seed7070006__Bstart,2,B,1,2,SQUARE,1.256851,49,0,0,0,1,ok
Génétique (éval AB)__vs__Génétique (éval AB)+__seed7070006__Bstart,3,A,0,0,SQUARE,2.042697,39,0,0,0,0,ok
Génétique (éval AB)__vs__Génétique (éval AB)+__seed7070006__Bstart,4,B,1,0,DIAMOND,1.231778,35,0,0,0,0,ok
Génétique (éval AB)__vs__Génétique (éval AB)+__seed7070006__Bstart,5,A,2,1,CIRCLE,0.354491,27,0,0,0,1,ok
Génétique (éval AB)__vs__Génétique (éval AB)+__seed7070006__Bstart,6,B,1,3,CIRCLE,0.152567,24,0,0,0,0,ok
Génétique (éval AB)__vs__Génétique (éval AB)+__seed7070006__Bstart,7,A,0,1,CIRCLE,0.005351,17,0,0,1,0,ok
Génétique (éval AB)__vs__Génétique (éval AB)+__seed7070006__Bstart,8,B,1,1,TRIANGLE,0.000024,16,1,1,0,1,ok
Génétique (éval AB)__vs__Génétique (éval AB)+__seed8080005__Astart,0,A,3,1,CIRCLE,0.000028,64,0,0,0,0,ok
Génétique (éval AB)__vs__Génétique (éval AB)+__seed8080005__Astart,1,B,2,1,TRIANGLE,1.358924,53,0,0,0,1,ok
Génétique (éval AB)__vs__Génétique (éval AB)+__seed8080005__Astart,2,A,2,2,SQUARE,2.827548,50,0,0,0,1,ok
Génétique (éval AB)__vs__Génétique (éval AB)+__seed8080005__Astart,3,B,1,2,CIRCLE,1.234161,40,0,0,0,1,ok
Génétique (éval AB)__vs__Génétique (éval AB)+__seed8080005__Astart,4,A,3,0,DIAMOND,1.486955,37,0,0,0,0,ok
Génétique (éval AB)__vs__Génétique (éval AB)+__seed8080005__Astart,5,B,1,1,SQUARE,0.055572,29,0,0,1,1,ok
Génétique (éval AB)__vs__Génétique (éval AB)+__seed8080005__Astart,6,A,2,0,SQUARE,0.000036,28,1,1,0,0,ok
Génétique (éval AB)__vs__Génétique (éval AB)+__seed8080006__Bstart,0,B,1,2,TRIANGLE,0.000028,64,0,0,0,1,ok
Génétique (éval AB)__vs__Génétique (éval AB)+__seed8080006__Bstart,1,A,1,1,DIAMOND,5.840266,53,0,0,0,1,ok
Génétique (éval AB)__vs__Génétique (éval AB)+__seed8080006__Bstart,2,B,3,3,SQUARE,1.294793,50,0,0,0,0,ok
Génétique (éval AB)__vs__Génétique (éval AB)+__seed8080006__Bstart,3,A,3,0,TRIANGLE,1.597553,39,0,0,0,0,ok
Génétique (éval AB)__vs__Génétique (éval AB)+__seed8080006__Bstart,4,B,2,2,CIRCLE,1.230484,36,0,0,0,1,ok
Génétique (éval AB)__vs__Génétique (éval AB)+__seed8080006__Bstart,5,A,2,1,SQUARE,1.138425,29,0,0,0,1,ok
Génétique (éval AB)__vs__Génétique (éval AB)+__seed8080006__Bstart,6,B,0,2,DIAMOND,0.141320,26,0,0,0,0,ok
Génétique (éval AB)__vs__Génétique (éval AB)+__seed8080006__Bstart,7,A,0,0,CIRCLE,0.005682,19,0,0,1,0,ok
Génétique (éval AB)__vs__Génétique (éval AB)+__seed8080006__Bstart,8,B,3,2,SQUARE,0.000026,16,1,1,0,0,ok
Génétique (éval AB)__vs__Génétique (éval AB)+__seed9090005__Astart,0,A,0,3,CIRCLE,0.000028,64,0,0,0,0,ok
Génétique (éval AB)__vs__Génétique (éval AB)+__seed9090005__Astart,1,B,1,1,TRIANGLE,1.243318,53,0,0,0,1,ok
Génétique (éval AB)__vs__Génétique (éval AB)+__seed9090005__Astart,2,A,2,2,SQUARE,4.789915,49,0,0,0,1,ok
Génétique (éval AB)__vs__Génétique (éval AB)+__seed9090005__Astart,3,B,3,2,CIRCLE,1.234785,38,0,0,0,0,ok
Génétique (éval AB)__vs__Génétique (éval AB)+__seed9090005__Astart,4,A,1,3,DIAMOND,1.162009,35,0,0,0,0,ok
Génétique (éval AB)__vs__Génétique (éval AB)+__seed9090005__Astart,5,B,2,1,DIAMOND,0.595586,27,0,0,0,1,ok
Génétique (éval AB)__vs__Génétique (éval AB)+__seed9090005__Astart,6,A,1,0,CIRCLE,0.258521,24,0,0,0,0,ok
Génétique (éval AB)__vs__Génétique (éval AB)+__seed9090005__Astart,7,B,1,2,TRIANGLE,0.003486,19,0,0,1,1,ok
Génétique (éval AB)__vs__Génétique (éval AB)+__seed9090005__Astart,8,A,0,2,SQUARE,0.000018,15,1,1,0,0,ok
Génétique (éval AB)__vs__Génétique (éval AB)+__seed9090006__Bstart,0,B,2,1,DIAMOND,0.000027,64,0,0,0,1,ok
Génétique (éval AB)__vs__Génétique (éval AB)+__seed9090006__Bstart,1,A,1,1,CIRCLE,5.435203,53,0,0,0,1,ok
Génétique (éval AB)__vs__Génétique (éval AB)+__seed9090006__Bstart,2,B,1,2,SQUARE,1.234112,50,0,0,0,1,ok
Génétique (éval AB)__vs__Génétique (éval AB)+__seed9090006__Bstart,3,A,0,0,TRIANGLE,2.053029,40,0,0,0,0,ok
Génétique (éval AB)__vs__Génétique (éval AB)+__seed9090006__Bstart,4,B,3,3,CIRCLE,1.231068,38,0,0,0,0,ok
Génétique (éval AB)__vs__Génétique (éval AB)+__seed9090006__Bstart,5,A,3,0,SQUARE,1.248003,25,0,0,0,0,ok
Génétique (éval AB)__vs__Génétique (éval AB)+__seed9090006__Bstart,6,B,3,2,TRIANGLE,0.391949,27,0,0,0,0,ok
Génétique (éval AB)__vs__Génétique (éval AB)+__seed9090006__Bstart,7,A,3,1,SQUARE,0.213971,17,0,0,0,0,ok
Génétique (éval AB)__vs__Génétique (éval AB)+__seed9090006__Bstart,8,B,2,2,CIRCLE,0.007934,21,0,0,1,1,ok
Génétique (éval AB)__vs__Génétique (éval AB)+__seed9090006__Bstart,9,A,0,1,TRIANGLE,0.000017,11,1,1,0,0,ok
Génétique (éval AB)__vs__Génétique (éval AB)+__seed1120005__Astart,0,A,0,1,TRIANGLE,0.000028,64,0,0,0,0,ok
Génétique (éval AB)__vs__Génétique (éval AB)+__seed1120005__Astart,1,B,2,2,CIRCLE,1.268838,53,0,0,0,1,ok
Génétique (éval AB)__vs__Génétique (éval AB)+__seed1120005__Astart,2,A,1,2,SQUARE,4.666314,49,0,0,0,1,ok
Génétique (éval AB)__vs__Génétique (éval AB)+__seed1120005__Astart,3,B,1,1,DIAMOND,1.234327,39,0,0,0,1,ok
Génétique (éval AB)__vs__Génétique (éval AB)+__seed1120005__Astart,4,A,0,0,CIRCLE,1.342619,37,0,0,0,0,ok
Génétique (éval AB)__vs__Génétique (éval AB)+__seed1120005__Astart,5,B,2,1,SQUARE,0.136922,29,0,0,1,1,ok
Génétique (éval AB)__vs__Génétique (éval AB)+__seed1120005__Astart,6,A,3,1,CIRCLE,0.000027,28,1,1,0,0,ok
Génétique (éval AB)__vs__Génétique (éval AB)+__seed1120006__Bstart,0,B,3,1,CIRCLE,0.000027,64,0,0,0,0,ok
Génétique (éval AB)__vs__Génétique (éval AB)+__seed1120006__Bstart,1,A,2,2,SQUARE,6.124290,53,0,0,0,1,ok
Génétique (éval AB)__vs__Génétique (éval AB)+__seed1120006__Bstart,2,B,1,2,DIAMOND,1.362707,49,0,0,0,1,ok
Génétique (éval AB)__vs__Génétique (éval AB)+__seed1120006__Bstart,3,A,1,3,TRIANGLE,1.886328,39,0,0,0,0,ok
Génétique (éval AB)__vs__Génétique (éval AB)+__seed1120006__Bstart,4,B,0,1,TRIANGLE,1.229952,36,0,0,0,0,ok
Génétique (éval AB)__vs__Génétique (éval AB)+__seed1120006__Bstart,5,A,2,1,DIAMOND,0.252377,27,0,0,1,1,ok
Génétique (éval AB)__vs__Génétique (éval AB)+__seed1120006__Bstart,6,B,1,1,SQUARE,0.000043,25,1,1,0,1,ok
Génétique (éval AB)__vs__Génétique (éval AB)+__seed2130005__Astart,0,A,1,3,TRIANGLE,0.000028,64,0,0,0,0,ok
Génétique (éval AB)__vs__Génétique (éval AB)+__seed2130005__Astart,1,B,2,3,CIRCLE,1.376627,53,0,0,0,0,ok
Génétique (éval AB)__vs__Génétique (éval AB)+__seed2130005__Astart,2,A,2,2,SQUARE,4.592038,50,0,0,0,1,ok
Génétique (éval AB)__vs__Génétique (éval AB)+__seed2130005__Astart,3,B,1,2,DIAMOND,1.234203,40,0,0,0,1,ok
Génétique (éval AB)__vs__Génétique (éval AB)+__seed2130005__Astart,4,A,0,1,DIAMOND,1.288421,38,0,0,0,0,ok
Génétique (éval AB)__vs__Génétique (éval AB)+__seed2130005__Astart,5,B,0,0,TRIANGLE,1.198809,27,0,0,0,0,ok
Génétique (éval AB)__vs__Génétique (éval AB)+__seed2130005__Astart,6,A,1,1,CIRCLE,0.075315,24,0,0,1,1,ok
Génétique (éval AB)__vs__Génétique (éval AB)+__seed2130005__Astart,7,B,1,0,SQUARE,0.000027,19,1,1,0,0,ok
Génétique (éval AB)__vs__Génétique (éval AB)+__seed2130006__Bstart,0,B,3,3,TRIANGLE,0.000028,64,0,0,0,0,ok
Génétique (éval AB)__vs__Génétique (éval AB)+__seed2130006__Bstart,1,A,1,1,SQUARE,5.529458,53,0,0,0,1,ok
Génétique (éval AB)__vs__Génétique (éval AB)+__seed2130006__Bstart,2,B,1,2,DIAMOND,1.235393,49,0,0,0,1,ok
Génétique (éval AB)__vs__Génétique (éval AB)+__seed2130006__Bstart,3,A,3,0,DIAMOND,1.402047,39,0,0,0,0,ok
Génétique (éval AB)__vs__Génétique (éval AB)+__seed2130006__Bstart,4,B,2,2,CIRCLE,1.231254,36,0,0,0,1,ok
Génétique (éval AB)__vs__Génétique (éval AB)+__seed2130006__Bstart,5,A,2,1,TRIANGLE,1.015701,29,0,0,0,1,ok
Génétique (éval AB)__vs__Génétique (éval AB)+__seed2130006__Bstart,6,B,0,2,SQUARE,0.150162,26,0,0,0,0,ok
Génétique (éval AB)__vs__Génétique (éval AB)+__seed2130006__Bstart,7,A,0,0,CIRCLE,0.006377,19,0,0,1,0,ok
Génétique (éval AB)__vs__Génétique (éval AB)+__seed2130006__Bstart,8,B,3,2,TRIANGLE,0.000031,16,1,1,0,0,ok
Génétique (éval AB)__vs__Génétique (éval AB)+__seed3140005__Astart,0,A,1,0,TRIANGLE,0.000026,64,0,0,0,0,ok
Génétique (éval AB)__vs__Génétique (éval AB)+__seed3140005__Astart,1,B,1,1,SQUARE,1.233862,53,0,0,0,1,ok
Génétique (éval AB)__vs__Génétique (éval AB)+__seed3140005__Astart,2,A,2,2,DIAMOND,3.420352,50,0,0,0,1,ok
Génétique (éval AB)__vs__Génétique (éval AB)+__seed3140005__Astart,3,B,3,0,DIAMOND,1.232105,39,0,0,0,0,ok
Génétique (éval AB)__vs__Génétique (éval AB)+__seed3140005__Astart,4,A,1,3,CIRCLE,1.385226,36,0,0,0,0,ok
Génétique (éval AB)__vs__Génétique (éval AB)+__seed3140005__Astart,5,B,2,1,SQUARE,0.242677,28,0,0,1,1,ok
Génétique (éval AB)__vs__Génétique (éval AB)+__seed3140005__Astart,6,A,1,2,DIAMOND,0.000061,29,1,1,0,1,ok
Génétique (éval AB)__vs__Génétique (éval AB)+__seed3140006__Bstart,0,B,1,1,TRIANGLE,0.000029,64,0,0,0,1,ok
Génétique (éval AB)__vs__Génétique (éval AB)+__seed3140006__Bstart,1,A,2,1,DIAMOND,6.289936,53,0,0,0,1,ok
Génétique (éval AB)__vs__Génétique (éval AB)+__seed3140006__Bstart,2,B,3,0,SQUARE,1.364480,50,0,0,0,0,ok
Génétique (éval AB)__vs__Génétique (éval AB)+__seed3140006__Bstart,3,A,0,2,CIRCLE,1.079556,40,0,0,0,0,ok
Génétique (éval AB)__vs__Génétique (éval AB)+__seed3140006__Bstart,4,B,2,0,CIRCLE,1.229734,36,0,0,0,0,ok
Génétique (éval AB)__vs__Génétique (éval AB)+__seed3140006__Bstart,5,A,1,2,DIAMOND,0.067575,28,0,0,1,1,ok
Génétique (éval AB)__vs__Génétique (éval AB)+__seed3140006__Bstart,6,B,3,1,TRIANGLE,0.000050,26,1,1,0,0,ok
Génétique (éval AB)__vs__Génétique (éval AB)+__seed4150005__Astart,0,A,2,3,SQUARE,0.000027,64,0,0,0,0,ok
Génétique (éval AB)__vs__Génétique (éval AB)+__seed4150005__Astart,1,B,1,1,CIRCLE,1.234308,53,0,0,0,1,ok
Génétique (éval AB)__vs__Génétique (éval AB)+__seed4150005__Astart,2,A,1,2,DIAMOND,5.003428,49,0,0,0,1,ok
Génétique (éval AB)__vs__Génétique (éval AB)+__seed4150005__Astart,3,B,3,2,TRIANGLE,1.233472,39,0,0,0,0,ok
Génétique (éval AB)__vs__Génétique (éval AB)+__seed4150005__Astart,4,A,2,1,TRIANGLE,1.395832,37,0,0,0,1,ok
Génétique (éval AB)__vs__Génétique (éval AB)+__seed4150005__Astart,5,B,2,2,CIRCLE,0.179424,29,0,0,1,1,ok
Génétique (éval AB)__vs__Génétique (éval AB)+__seed4150005__Astart,6,A,0,2,SQUARE,0.000028,28,1,1,0,0,ok
Génétique (éval AB)__vs__Génétique (éval AB)+__seed4150006__Bstart,0,B,0,3,TRIANGLE,0.000028,64,0,0,0,0,ok
Génétique (éval AB)__vs__Génétique (éval AB)+__seed4150006__Bstart,1,A,2,1,CIRCLE,5.406397,53,0,0,0,1,ok
Génétique (éval AB)__vs__Génétique (éval AB)+__seed4150006__Bstart,2,B,1,1,SQUARE,1.234654,49,0,0,0,1,ok
Génétique (éval AB)__vs__Génétique (éval AB)+__seed4150006__Bstart,3,A,3,2,SQUARE,2.136283,39,0,0,0,0,ok
Génétique (éval AB)__vs__Génétique (éval AB)+__seed4150006__Bstart,4,B,1,2,DIAMOND,1.231215,35,0,0,0,1,ok
Génétique (éval AB)__vs__Génétique (éval AB)+__seed4150006__Bstart,5,A,2,2,TRIANGLE,0.986507,29,0,0,1,1,ok
Génétique (éval AB)__vs__Génétique (éval AB)+__seed4150006__Bstart,6,B,0,2,CIRCLE,0.000027,26,1,1,0,0,ok
Génétique (éval AB)__vs__Génétique (éval AB)+__seed5160005__Astart,0,A,2,3,TRIANGLE,0.000028,64,0,0,0,0,ok
Génétique (éval AB)__vs__Génétique (éval AB)+__seed5160005__Astart,1,B,1,2,TRIANGLE,1.245193,53,0,0,0,1,ok
Génétique (éval AB)__vs__Génétique (éval AB)+__seed5160005__Astart,2,A,2,2,CIRCLE,4.489190,49,0,0,0,1,ok
Génétique (éval AB)__vs__Génétique (éval AB)+__seed5160005__Astart,3,B,3,1,SQUARE,1.232526,41,0,0,0,0,ok
Génétique (éval AB)__vs__Génétique (éval AB)+__seed5160005__Astart,4,A,3,0,DIAMOND,1.473663,35,0,0,0,0,ok
Génétique (éval AB)__vs__Génétique (éval AB)+__seed5160005__Astart,5,B,0,2,DIAMOND,0.718494,27,0,0,0,0,ok
Génétique (éval AB)__vs__Génétique (éval AB)+__seed5160005__Astart,6,A,3,2,CIRCLE,0.210105,24,0,0,0,0,ok
Génétique (éval AB)__vs__Génétique (éval AB)+__seed5160005__Astart,7,B,3,3,SQUARE,0.429557,23,0,0,0,0,ok
Génétique (éval AB)__vs__Génétique (éval AB)+__seed5160005__Astart,8,A,2,1,TRIANGLE,0.071363,10,0,0,0,1,ok
Génétique (éval AB)__vs__Génétique (éval AB)+__seed5160005__Astart,9,B,1,1,CIRCLE,0.015689,12,0,0,0,1,ok
Génétique (éval AB)__vs__Génétique (éval AB)+__seed5160005__Astart,10,A,0,0,SQUARE,0.004458,4,0,0,1,0,ok
Génétique (éval AB)__vs__Génétique (éval AB)+__seed5160005__Astart,11,B,0,1,DIAMOND,0.000018,8,1,1,0,0,ok
Génétique (éval AB)__vs__Génétique (éval AB)+__seed5160006__Bstart,0,B,2,3,SQUARE,0.000027,64,0,0,0,0,ok
Génétique (éval AB)__vs__Génétique (éval AB)+__seed5160006__Bstart,1,A,1,1,CIRCLE,6.681210,53,0,0,0,1,ok
Génétique (éval AB)__vs__Génétique (éval AB)+__seed5160006__Bstart,2,B,1,2,TRIANGLE,1.234495,49,0,0,0,1,ok
Génétique (éval AB)__vs__Génétique (éval AB)+__seed5160006__Bstart,3,A,0,2,SQUARE,2.339761,39,0,0,0,0,ok
Génétique (éval AB)__vs__Génétique (éval AB)+__seed5160006__Bstart,4,B,3,3,CIRCLE,1.231437,36,0,0,0,0,ok
Génétique (éval AB)__vs__Génétique (éval AB)+__seed5160006__Bstart,5,A,2,2,DIAMOND,1.067792,27,0,0,1,1,ok
Génétique (éval AB)__vs__Génétique (éval AB)+__seed5160006__Bstart,6,B,3,2,CIRCLE,0.000027,26,1,1,0,0,ok
Génétique (éval AB)__vs__Génétique (éval AB)+__seed6170005__Astart,0,A,2,1,TRIANGLE,0.000028,64,0,0,0,1,ok
Génétique (éval AB)__vs__Génétique (éval AB)+__seed6170005__Astart,1,B,2,2,SQUARE,1.262608,53,0,0,0,1,ok
Génétique (éval AB)__vs__Génétique (éval AB)+__seed6170005__Astart,2,A,1,2,DIAMOND,4.297670,50,0,0,0,1,ok
Génétique (éval AB)__vs__Génétique (éval AB)+__seed6170005__Astart,3,B,0,3,CIRCLE,1.281098,40,0,0,0,0,ok
Génétique (éval AB)__vs__Génétique (éval AB)+__seed6170005__Astart,4,A,1,1,CIRCLE,1.214394,37,0,0,0,1,ok
Génétique (éval AB)__vs__Génétique (éval AB)+__seed6170005__Astart,5,B,0,0,DIAMOND,1.230240,30,0,0,0,0,ok
Génétique (éval AB)__vs__Génétique (éval AB)+__seed6170005__Astart,6,A,3,2,TRIANGLE,0.316372,25,0,0,1,0,ok
Génétique (éval AB)__vs__Génétique (éval AB)+__seed6170005__Astart,7,B,0,2,CIRCLE,0.000035,22,1,1,0,0,ok
Génétique (éval AB)__vs__Génétique (éval AB)+__seed6170006__Bstart,0,B,2,3,CIRCLE,0.000033,64,0,0,0,0,ok
Génétique (éval AB)__vs__Génétique (éval AB)+__seed6170006__Bstart,1,A,1,1,CIRCLE,6.999800,53,0,0,0,1,ok
Génétique (éval AB)__vs__Génétique (éval AB)+__seed6170006__Bstart,2,B,3,0,TRIANGLE,1.315453,49,0,0,0,0,ok
Génétique (éval AB)__vs__Génétique (éval AB)+__seed6170006__Bstart,3,A,2,2,TRIANGLE,2.242696,38,0,0,0,1,ok
Génétique (éval AB)__vs__Génétique (éval AB)+__seed6170006__Bstart,4,B,3,1,SQUARE,1.232290,35,0,0,0,0,ok
Génétique (éval AB)__vs__Génétique (éval AB)+__seed6170006__Bstart,5,A,1,2,DIAMOND,1.012940,27,0,0,0,1,ok
Génétique (éval AB)__vs__Génétique (éval AB)+__seed6170006__Bstart,6,B,2,0,DIAMOND,0.210616,25,0,0,0,0,ok
Génétique (éval AB)__vs__Génétique (éval AB)+__seed6170006__Bstart,7,A,0,0,CIRCLE,0.004878,19,0,0,1,0,ok
Génétique (éval AB)__vs__Génétique (éval AB)+__seed6170006__Bstart,8,B,1,0,SQUARE,0.000023,17,1,1,0,0,ok
Génétique (éval AB)__vs__Génétique (éval AB)+__seed7180005__Astart,0,A,3,1,DIAMOND,0.000027,64,0,0,0,0,ok
Génétique (éval AB)__vs__Génétique (éval AB)+__seed7180005__Astart,1,B,1,1,SQUARE,1.236839,53,0,0,0,1,ok
Génétique (éval AB)__vs__Génétique (éval AB)+__seed7180005__Astart,2,A,2,2,CIRCLE,3.051144,50,0,0,0,1,ok
Génétique (éval AB)__vs__Génétique (éval AB)+__seed7180005__Astart,3,B,0,3,TRIANGLE,1.234897,39,0,0,0,0,ok
Génétique (éval AB)__vs__Génétique (éval AB)+__seed7180005__Astart,4,A,3,0,TRIANGLE,1.952540,35,0,0,0,0,ok
Génétique (éval AB)__vs__Génétique (éval AB)+__seed7180005__Astart,5,B,2,1,SQUARE,0.902874,26,0,0,1,1,ok
Génétique (éval AB)__vs__Génétique (éval AB)+__seed7180005__Astart,6,A,2,0,CIRCLE,0.000036,26,1,1,0,0,ok
Génétique (éval AB)__vs__Génétique (éval AB)+__seed7180006__Bstart,0,B,3,3,TRIANGLE,0.000031,64,0,0,0,0,ok
Génétique (éval AB)__vs__Génétique (éval AB)+__seed7180006__Bstart,1,A,1,1,SQUARE,5.948603,53,0,0,0,1,ok
Génétique (éval AB)__vs__Génétique (éval AB)+__seed7180006__Bstart,2,B,1,2,DIAMOND,1.373453,49,0,0,0,1,ok
Génétique (éval AB)__vs__Génétique (éval AB)+__seed7180006__Bstart,3,A,2,0,DIAMOND,1.946098,39,0,0,0,0,ok
Génétique (éval AB)__vs__Génétique (éval AB)+__seed7180006__Bstart,4,B,2,2,CIRCLE,1.230739,35,0,0,0,1,ok
Génétique (éval AB)__vs__Génétique (éval AB)+__seed7180006__Bstart,5,A,2,1,TRIANGLE,0.520338,29,0,0,1,1,ok
Génétique (éval AB)__vs__Génétique (éval AB)+__seed7180006__Bstart,6,B,2,3,SQUARE,0.000046,26,1,1,0,0,ok
Génétique (éval AB)__vs__Génétique (éval AB)+__seed8190005__Astart,0,A,3,3,DIAMOND,0.000031,64,0,0,0,0,ok
Génétique (éval AB)__vs__Génétique (éval AB)+__seed8190005__Astart,1,B,1,1,CIRCLE,1.236326,53,0,0,0,1,ok
Génétique (éval AB)__vs__Génétique (éval AB)+__seed8190005__Astart,2,A,1,2,TRIANGLE,4.522134,49,0,0,0,1,ok
Génétique (éval AB)__vs__Génétique (éval AB)+__seed8190005__Astart,3,B,3,0,SQUARE,1.232979,39,0,0,0,0,ok
Génétique (éval AB)__vs__Génétique (éval AB)+__seed8190005__Astart,4,A,2,2,SQUARE,1.542448,36,0,0,0,1,ok
Génétique (éval AB)__vs__Génétique (éval AB)+__seed8190005__Astart,5,B,2,1,CIRCLE,0.955329,29,0,0,0,1,ok
Génétique (éval AB)__vs__Génétique (éval AB)+__seed8190005__Astart,6,A,2,3,SQUARE,0.301936,28,0,0,0,0,ok
Génétique (éval AB)__vs__Génétique (éval AB)+__seed8190005__Astart,7,B,0,0,SQUARE,0.101530,13,0,0,0,0,ok
Génétique (éval AB)__vs__Génétique (éval AB)+__seed8190005__Astart,8,A,0,2,CIRCLE,0.025247,19,0,0,0,0,ok
Génétique (éval AB)__vs__Génétique (éval AB)+__seed8190005__Astart,9,B,0,1,TRIANGLE,0.004306,6,0,0,1,0,ok
Génétique (éval AB)__vs__Génétique (éval AB)+__seed8190005__Astart,10,A,0,3,DIAMOND,0.000020,11,1,1,0,0,ok
Génétique (éval AB)__vs__Génétique (éval AB)+__seed8190006__Bstart,0,B,1,2,TRIANGLE,0.000029,64,0,0,0,1,ok
Génétique (éval AB)__vs__Génétique (éval AB)+__seed8190006__Bstart,1,A,2,1,TRIANGLE,6.926761,53,0,0,0,1,ok
Génétique (éval AB)__vs__Génétique (éval AB)+__seed8190006__Bstart,2,B,0,0,DIAMOND,1.237638,49,0,0,0,0,ok
Génétique (éval AB)__vs__Génétique (éval AB)+__seed8190006__Bstart,3,A,3,3,CIRCLE,2.214611,38,0,0,0,0,ok
Génétique (éval AB)__vs__Génétique (éval AB)+__seed8190006__Bstart,4,B,2,3,SQUARE,1.231187,34,0,0,0,0,ok
Génétique (éval AB)__vs__Génétique (éval AB)+__seed8190006__Bstart,5,A,1,1,CIRCLE,1.096540,25,0,0,0,1,ok
Génétique (éval AB)__vs__Génétique (éval AB)+__seed8190006__Bstart,6,B,2,2,DIAMOND,0.097030,27,0,0,0,1,ok
Génétique (éval AB)__vs__Génétique (éval AB)+__seed8190006__Bstart,7,A,0,1,SQUARE,0.003453,11,0,0,1,0,ok
Génétique (éval AB)__vs__Génétique (éval AB)+__seed8190006__Bstart,8,B,2,0,CIRCLE,0.000015,11,1,1,0,0,ok
Génétique (éval AB)__vs__Génétique (éval AB)+__seed9200005__Astart,0,A,1,0,CIRCLE,0.000030,64,0,0,0,0,ok
Génétique (éval AB)__vs__Génétique (éval AB)+__seed9200005__Astart,1,B,1,3,DIAMOND,1.436618,53,0,0,0,0,ok
Génétique (éval AB)__vs__Génétique (éval AB)+__seed9200005__Astart,2,A,2,1,SQUARE,4.588332,50,0,0,0,1,ok
Génétique (éval AB)__vs__Génétique (éval AB)+__seed9200005__Astart,3,B,2,2,CIRCLE,1.238847,39,0,0,0,1,ok
Génétique (éval AB)__vs__Génétique (éval AB)+__seed9200005__Astart,4,A,3,1,TRIANGLE,1.880044,36,0,0,0,0,ok
Génétique (éval AB)__vs__Génétique (éval AB)+__seed9200005__Astart,5,B,1,2,DIAMOND,0.786414,27,0,0,0,1,ok
Génétique (éval AB)__vs__Génétique (éval AB)+__seed9200005__Astart,6,A,1,1,CIRCLE,0.251262,29,0,0,0,1,ok
Génétique (éval AB)__vs__Génétique (éval AB)+__seed9200005__Astart,7,B,0,2,CIRCLE,0.007543,14,0,0,1,0,ok
Génétique (éval AB)__vs__Génétique (éval AB)+__seed9200005__Astart,8,A,0,1,DIAMOND,0.000041,20,1,1,0,0,ok
Génétique (éval AB)__vs__Génétique (éval AB)+__seed9200006__Bstart,0,B,3,0,SQUARE,0.000033,64,0,0,0,0,ok
Génétique (éval AB)__vs__Génétique (éval AB)+__seed9200006__Bstart,1,A,1,2,CIRCLE,6.599014,53,0,0,0,1,ok
Génétique (éval AB)__vs__Génétique (éval AB)+__seed9200006__Bstart,2,B,1,1,DIAMOND,1.245097,49,0,0,0,1,ok
Génétique (éval AB)__vs__Génétique (éval AB)+__seed9200006__Bstart,3,A,2,3,TRIANGLE,1.846447,39,0,0,0,0,ok
Génétique (éval AB)__vs__Génétique (éval AB)+__seed9200006__Bstart,4,B,2,1,CIRCLE,1.231256,35,0,0,0,1,ok
Génétique (éval AB)__vs__Génétique (éval AB)+__seed9200006__Bstart,5,A,2,2,DIAMOND,0.700874,29,0,0,1,1,ok
Génétique (éval AB)__vs__Génétique (éval AB)+__seed9200006__Bstart,6,B,2,0,SQUARE,0.000037,26,1,1,0,0,ok
